Deal Number,FE Price,FE Margin,F&I (BE) Margin,Grand Total Mrgn,After Tax Price ,Delivery Date
13088,"9,009.65","1,244.00",952.24,"2,196.24","10,540.90",10/11/2023 08:00:00.000 
13084,"24,710.81",885.42,519.00,"1,404.42","25,300.00",10/10/2023 08:00:00.000 
13073,"5,527.55",489.95,349.00,838.95,"6,428.76",10/07/2023 08:00:00.000 
13080,"14,014.65","2,905.04",719.00,"3,624.04","15,350.55",10/07/2023 08:00:00.000 
13082,"10,526.75","1,978.80",474.25,"2,453.05","11,474.16",10/07/2023 08:00:00.000 
13081,"5,501.81","-4,962.05",482.92,"-4,479.13","6,333.92",10/07/2023 08:00:00.000 
13067,"11,541.29",209.00,449.00,658.00,"12,367.01",10/07/2023 08:00:00.000 
13074,"15,995.00","2,495.00",474.25,"2,969.25","16,469.25",10/06/2023 08:00:00.000 
13051,"20,370.24","1,149.79","1,366.00","2,515.79","24,684.86",10/06/2023 08:00:00.000 
13076,"6,259.65","1,008.00",393.41,"1,401.41","7,061.34",10/05/2023 08:00:00.000 
13077,"2,698.00",763.00,295.12,"1,058.12","3,095.44",10/05/2023 08:00:00.000 
13078,"14,495.00",-672.44,895.40,222.96,"14,944.00",10/05/2023 08:00:00.000 
13079,"3,567.60",523.90,536.70,"1,060.60","4,162.38",10/05/2023 08:00:00.000 
13075,"6,259.65","1,008.00",385.91,"1,393.91","7,061.34",10/05/2023 08:00:00.000 
13070,"1,004.00",101.37,199.00,300.37,"1,273.00",09/30/2023 08:00:00.000 
13045,"10,481.00",542.23,894.00,"1,436.23","11,729.00",09/30/2023 08:00:00.000 
13069,"3,086.80",222.00,361.90,583.90,"3,425.65",09/30/2023 08:00:00.000 
13068,"4,149.00",344.25,199.00,543.25,"4,616.86",09/30/2023 08:00:00.000 
13062,"29,835.00","4,178.00",790.00,"4,968.00","33,905.60",09/30/2023 08:00:00.000 
13066,"5,649.00",633.43,752.70,"1,386.13","6,523.58",09/29/2023 08:00:00.000 
13061,"18,257.65",-599.36,585.00,-14.36,"20,248.14",09/29/2023 08:00:00.000 
13064,"32,231.29","3,197.00","3,095.00","6,292.00","41,418.90",09/28/2023 05:00:00.000 
13058,"6,659.65","1,091.92",682.13,"1,774.05","7,656.28",09/23/2023 08:00:00.000 
13060,"3,649.00",188.25,991.55,"1,179.80","5,051.39",09/23/2023 08:00:00.000 
13059,"4,049.00",195.28,"1,746.90","1,942.18","6,594.47",09/23/2023 08:00:00.000 
13031,"14,578.86","4,307.25",323.75,"4,631.00","15,361.46",09/23/2023 08:00:00.000 
13037,"11,675.93","1,691.75",569.25,"2,261.00","12,349.18",09/22/2023 10:00:00.000 
13056,"4,049.00",244.25,377.56,621.81,"4,570.00",09/22/2023 08:00:00.000 
13057,"7,526.00","1,445.77",866.20,"2,311.97","8,498.24",09/22/2023 08:00:00.000 
13055,"4,998.00",109.59,490.35,599.94,"5,654.03",09/21/2023 06:00:00.000 
13053,"10,974.38","1,570.86",374.25,"1,945.11","11,677.01",09/19/2023 10:00:00.000 
13052,"9,359.65",-99.97,474.25,374.28,"10,160.40",09/18/2023 11:00:00.000 
12978,"11,147.75","1,581.12",374.25,"1,955.37","11,864.88",09/16/2023 10:00:00.000 
12977,"11,147.75","1,745.12",374.25,"2,119.37","11,859.08",09/16/2023 10:00:00.000 
13009,"5,046.00",89.00,750.37,839.37,"6,064.93",09/15/2023 03:00:00.000 
13048,"3,424.00",-36.75,349.00,312.25,"3,928.69",09/15/2023 08:00:00.000 
12607,"7,409.65","1,160.05",374.25,"1,534.30","7,783.90",09/14/2023 08:00:00.000 
13046,"21,420.45","3,181.35","2,102.00","5,283.35","23,957.52",09/13/2023 08:00:00.000 
12981,"6,299.00",980.27,444.00,"1,424.27","7,207.83",09/13/2023 08:00:00.000 
13043,"9,999.00",0.00,"1,173.20","1,173.20","12,368.02",09/12/2023 08:00:00.000 
13044,"26,031.00","3,173.71","1,490.87","4,664.58","28,682.52",09/12/2023 08:00:00.000 
13035,"7,927.55","1,331.95",551.50,"1,883.45","8,920.47",09/09/2023 08:00:00.000 
13042,"9,449.00",337.04,494.00,831.04,"11,202.11",09/09/2023 08:00:00.000 
13041,"1,359.00",411.43,294.00,705.43,"1,874.84",09/09/2023 08:00:00.000 
13039,"13,995.00",-362.40,"3,222.06","2,859.66","20,842.64",09/09/2023 08:00:00.000 
13040,"4,927.55",821.85,199.00,"1,020.85","5,126.55",09/08/2023 08:00:00.000 
13038,"10,641.95",-94.00,624.47,530.47,"11,698.63",09/08/2023 08:00:00.000 
13033,"12,116.64",843.58,449.00,"1,292.58","12,951.79",09/08/2023 08:00:00.000 
13036,0.00,0.00,500.00,500.00,"1,290.00",09/07/2023 08:00:00.000 
13034,"7,127.55",528.91,573.39,"1,102.30","8,293.30",09/07/2023 08:00:00.000 
13030,"3,099.00",-467.73,199.00,-268.73,"3,431.34",09/06/2023 08:00:00.000 
13029,"3,099.00",-597.20,199.00,-398.20,"3,431.34",09/06/2023 08:00:00.000 
13028,"9,209.65",50.00,449.00,499.00,"9,985.15",09/06/2023 08:00:00.000 
13032,"2,999.00",-235.73,199.00,-36.73,"3,319.74",09/06/2023 08:00:00.000 
13022,"23,014.65","3,649.00",597.00,"4,246.00","25,038.46",09/02/2023 08:00:00.000 
13025,"3,671.99",280.19,199.00,479.19,"4,250.00",09/02/2023 08:00:00.000 
13026,"3,671.99",280.19,199.00,479.19,"4,250.00",09/02/2023 08:00:00.000 
13018,"2,199.00",-360.97,-25.25,-386.22,"2,389.44",09/02/2023 08:00:00.000 
13027,"9,125.75",686.08,994.00,"1,680.08","10,657.16",09/02/2023 08:00:00.000 
13024,"14,051.00","2,302.00",449.00,"2,751.00","14,500.00",09/01/2023 05:30:00.000 
13003,"6,999.00",-200.85,0.00,-200.85,"6,999.00",09/01/2023 08:00:00.000 
12984,"22,023.90",-149.00,0.00,-149.00,"22,023.90",09/01/2023 08:00:00.000 
13049,0.00,-166.52,0.00,-166.52,0.00,09/01/2023 08:00:00.000 
13050,0.00,"-7,076.90",-25.25,"-7,102.15",0.00,09/01/2023 08:00:00.000 
13020,"10,699.00",812.23,629.00,"1,441.23","12,676.06",08/31/2023 08:00:00.000 
13023,"17,563.65","2,790.29",919.00,"3,709.29","20,112.19",08/31/2023 08:00:00.000 
13019,"3,831.80",249.25,199.00,448.25,"4,259.03",08/31/2023 08:00:00.000 
13017,"22,868.00","3,502.35","1,910.00","5,412.35","26,321.87",08/31/2023 08:00:00.000 
13015,"8,655.75","1,385.12",349.00,"1,734.12","9,004.75",08/30/2023 08:00:00.000 
13016,"3,600.01",-16.18,199.00,182.82,"4,152.50",08/30/2023 08:00:00.000 
13008,"1,050.00",192.09,173.75,365.84,"1,249.00",08/29/2023 08:00:00.000 
13013,"19,285.00","1,302.68",794.00,"2,096.68","24,078.20",08/29/2023 08:00:00.000 
13011,"7,999.00",-311.71,820.00,508.29,"9,087.44",08/26/2023 08:00:00.000 
13005,"1,750.00",-250.00,449.00,199.00,"2,262.77",08/26/2023 08:00:00.000 
13004,"1,750.00",-250.00,449.00,199.00,"2,262.77",08/26/2023 08:00:00.000 
13012,"15,719.98","-2,031.90","2,514.75",482.85,"20,234.48",08/26/2023 08:00:00.000 
13007,"5,564.72",-951.57,349.00,-602.57,"6,110.47",08/25/2023 08:00:00.000 
13006,"15,199.00",867.15,714.00,"1,581.15","16,996.16",08/25/2023 08:00:00.000 
12995,"6,199.00",619.90,449.00,"1,068.90","6,840.79",08/24/2023 08:00:00.000 
13002,"6,977.55",881.05,544.00,"1,425.05","7,875.69",08/24/2023 08:00:00.000 
13000,"10,709.00","1,233.45",519.00,"1,752.45","11,988.69",08/23/2023 08:00:00.000 
13001,"11,551.00","1,551.00",693.00,"2,244.00","13,376.65",08/23/2023 08:00:00.000 
12999,"6,899.00",562.90,"1,205.25","1,768.15","9,014.32",08/22/2023 08:00:00.000 
12988,"1,599.00",-361.27,304.00,-57.27,"2,095.95",08/19/2023 08:00:00.000 
12996,"2,728.77",811.16,374.25,"1,185.41","3,200.00",08/19/2023 08:00:00.000 
12998,"12,078.95","1,069.22","1,962.00","3,031.22","15,427.30",08/19/2023 08:00:00.000 
12997,"1,559.00",379.53,199.00,578.53,"1,945.17",08/19/2023 08:00:00.000 
12994,749.00,-277.52,199.00,-78.52,"1,060.62",08/18/2023 08:00:00.000 
12991,"10,459.00","1,435.72",826.00,"2,261.72","12,598.49",08/18/2023 08:00:00.000 
12986,"8,251.00","1,151.83",449.00,"1,600.83","8,962.39",08/18/2023 08:00:00.000 
12992,"15,035.00",30.86,745.39,776.25,"16,936.61",08/18/2023 08:00:00.000 
12993,"8,896.75","1,573.70","2,764.25","4,337.95","13,629.02",08/18/2023 08:00:00.000 
12989,"3,125.75",-555.47,199.00,-356.47,"3,350.00",08/16/2023 08:00:00.000 
12990,"16,899.00","2,957.12",819.00,"3,776.12","18,378.77",08/16/2023 08:00:00.000 
12987,"9,749.00","1,616.37",720.00,"2,336.37","11,784.39",08/15/2023 08:00:00.000 
12971,"1,359.00",179.53,199.00,378.53,"1,672.03",08/14/2023 08:00:00.000 
12985,"6,499.00",872.40,"1,084.00","1,956.40","7,734.18",08/12/2023 08:00:00.000 
12983,"11,470.09","1,231.04",349.00,"1,580.04","12,198.41",08/11/2023 08:00:00.000 
12943,"10,337.25","1,620.00","1,085.00","2,705.00","12,311.27",08/09/2023 08:00:00.000 
12976,"5,500.00",758.35,991.00,"1,749.35","7,260.24",08/04/2023 08:00:00.000 
12973,"8,484.65",391.00,99.00,490.00,"9,091.56",08/04/2023 08:00:00.000 
12975,"5,673.95","1,811.13",449.00,"2,260.13","6,133.77",08/04/2023 08:00:00.000 
12972,"16,398.97","1,875.59",614.00,"2,489.59","17,643.86",08/03/2023 08:00:00.000 
12974,"15,588.93","3,068.39","2,744.00","5,812.39","20,816.13",08/03/2023 08:00:00.000 
12969,"9,851.00","3,264.16",349.00,"3,613.16","10,200.00",08/03/2023 08:00:00.000 
12968,"11,332.70","1,926.00",449.00,"2,375.00","12,797.41",08/02/2023 08:00:00.000 
12970,"5,537.00",785.20,"1,624.00","2,409.20","8,049.28",08/02/2023 08:00:00.000 
12959,"14,367.00",862.01,765.00,"1,627.01","15,746.83",07/29/2023 08:00:00.000 
12964,"17,289.60","3,308.52","2,858.00","6,166.52","22,891.04",07/29/2023 08:00:00.000 
12967,"10,709.65","1,632.00",844.00,"2,476.00","12,227.90",07/29/2023 08:00:00.000 
12953,"3,718.68",447.13,479.00,926.13,"4,531.24",07/29/2023 08:00:00.000 
12960,"7,495.00",-399.24,"1,465.00","1,065.76","9,997.33",07/28/2023 08:00:00.000 
12952,"9,925.00",100.00,0.00,100.00,"9,925.00",07/27/2023 08:00:00.000 
12958,"13,152.00","3,152.00",644.00,"3,796.00","14,318.96",07/27/2023 08:00:00.000 
12933,"15,366.73","1,631.00","2,238.00","3,869.00","20,839.73",07/27/2023 08:00:00.000 
12962,"7,519.00",938.65,911.00,"1,849.65","9,867.24",07/27/2023 08:00:00.000 
12961,"9,657.00",622.60,"3,095.00","3,717.60","14,916.06",07/27/2023 08:00:00.000 
12955,"9,100.00","1,600.00",649.00,"2,249.00","10,390.27",07/26/2023 08:00:00.000 
12957,"7,326.00",332.30,"1,094.25","1,426.55","9,161.96",07/26/2023 08:00:00.000 
12956,"2,020.83",-334.27,199.00,-135.27,"2,525.35",07/26/2023 08:00:00.000 
12963,"10,919.00","2,336.37",569.25,"2,905.62","11,592.25",07/25/2023 08:00:00.000 
12954,"15,999.00","-1,195.08","2,640.00","1,444.92","21,556.83",07/25/2023 08:00:00.000 
12951,"11,531.70",849.91,"2,549.00","3,398.91","16,099.01",07/22/2023 08:00:00.000 
12950,"8,882.98","1,475.95","2,865.00","4,340.95","12,501.38",07/22/2023 08:00:00.000 
12948,"3,799.00",77.33,320.00,397.33,"4,362.87",07/22/2023 08:00:00.000 
12947,"7,899.00","1,230.40","1,903.00","3,133.40","11,184.82",07/21/2023 08:00:00.000 
12944,"5,609.65",675.02,468.35,"1,143.37","6,182.00",07/20/2023 08:00:00.000 
12946,"14,551.00","5,403.01",945.00,"6,348.01","16,055.27",07/20/2023 08:00:00.000 
12945,"3,671.00",609.40,294.00,903.40,"4,187.00",07/20/2023 08:00:00.000 
12941,"7,019.00",448.57,864.00,"1,312.57","8,936.49",07/19/2023 08:00:00.000 
12940,"10,399.00","1,456.45",449.00,"1,905.45","10,848.00",07/19/2023 08:00:00.000 
12942,"29,551.29","1,909.00",449.00,"2,358.00","30,452.48",07/19/2023 08:00:00.000 
12939,"3,300.00","-1,399.15",564.00,-835.15,"4,006.43",07/19/2023 08:00:00.000 
12938,"25,734.74",835.49,818.00,"1,653.49","28,034.34",07/18/2023 08:00:00.000 
12930,"4,081.00",375.25,"1,052.00","1,427.25","6,013.13",07/15/2023 08:00:00.000 
12925,"6,309.65",765.00,810.00,"1,575.00","7,184.67",07/15/2023 08:00:00.000 
12935,"6,309.65","1,040.00",920.00,"1,960.00","7,484.67",07/15/2023 08:00:00.000 
12936,"15,544.65","2,755.12","2,984.99","5,740.11","21,572.11",07/15/2023 08:00:00.000 
12927,"7,699.00","1,236.35",444.00,"1,680.35","8,486.16",07/15/2023 08:00:00.000 
12932,"5,951.00",319.97,449.00,768.97,"6,954.24",07/14/2023 08:00:00.000 
12931,"10,649.00","1,373.32",956.00,"2,329.32","11,649.86",07/14/2023 08:00:00.000 
12926,"5,951.00",453.76,397.45,851.21,"6,845.58",07/14/2023 08:00:00.000 
12928,"2,251.00",551.00,199.00,750.00,"2,450.00",07/13/2023 08:00:00.000 
12922,"1,329.00",359.30,199.00,558.30,"1,713.34",07/12/2023 08:00:00.000 
12924,"10,450.94","1,646.02","1,555.00","3,201.02","13,055.16",07/11/2023 08:00:00.000 
12923,"4,590.00",8.55,0.00,8.55,"4,590.00",07/10/2023 08:00:00.000 
12929,0.00,0.00,195.00,195.00,299.00,07/08/2023 08:00:00.000 
12916,"17,829.90","2,606.85","1,504.00","4,110.85","19,524.33",07/08/2023 08:00:00.000 
12845,"21,575.95","1,927.71",449.00,"2,376.71","22,663.67",07/08/2023 08:00:00.000 
12919,"2,200.00",500.00,199.00,699.00,"2,579.97",07/07/2023 08:00:00.000 
12917,"14,949.00","2,827.07","1,992.00","4,819.07","18,714.54",07/07/2023 08:00:00.000 
12920,"5,951.00","1,425.27",449.00,"1,874.27","6,737.28",07/07/2023 08:00:00.000 
12912,"3,799.00",407.20,199.00,606.20,"4,063.99",07/06/2023 08:00:00.000 
12913,"3,199.00",716.28,370.00,"1,086.28","3,829.46",07/05/2023 08:00:00.000 
12909,"6,399.00","1,161.67",558.81,"1,720.48","7,086.84",07/01/2023 08:00:00.000 
12911,"2,307.00",228.65,867.00,"1,095.65","3,704.00",07/01/2023 08:00:00.000 
12908,"7,736.99",739.63,"1,987.46","2,727.09","11,418.48",07/01/2023 08:00:00.000 
12904,"10,162.34",0.00,0.00,0.00,"10,162.34",06/30/2023 08:00:00.000 
12906,"18,244.62","3,400.22","1,285.00","4,685.22","21,266.36",06/30/2023 08:00:00.000 
12905,"6,557.00",966.30,"2,134.50","3,100.80","10,260.19",06/30/2023 08:00:00.000 
12901,"18,935.00","1,639.71",744.00,"2,383.71","20,345.14",06/29/2023 08:00:00.000 
12903,"2,664.25",10.27,420.00,430.27,"3,237.50",06/28/2023 08:00:00.000 
12902,"10,785.99","1,043.65","2,658.00","3,701.65","15,191.86",06/28/2023 08:00:00.000 
12900,"4,299.00",658.20,588.28,"1,246.48","5,333.04",06/27/2023 08:00:00.000 
12895,"3,024.00",922.68,349.00,"1,271.68","3,373.00",06/27/2023 08:00:00.000 
12887,"6,088.98",884.41,"1,042.00","1,926.41","8,098.62",06/24/2023 08:00:00.000 
12885,"23,495.00","-3,375.45","3,134.28",-241.17,"28,411.56",06/24/2023 08:00:00.000 
12897,"3,799.00",53.83,199.00,252.83,"4,233.94",06/24/2023 08:00:00.000 
12890,"3,677.70",722.00,394.00,"1,116.00","4,288.12",06/24/2023 08:00:00.000 
12898,"7,807.00","1,028.32","2,531.17","3,559.49","11,862.15",06/24/2023 08:00:00.000 
12894,"7,319.00",794.98,"2,016.24","2,811.22","10,491.24",06/24/2023 08:00:00.000 
12896,"3,101.00",395.18,199.00,594.18,"3,465.00",06/24/2023 08:00:00.000 
12888,0.00,0.00,400.00,400.00,945.00,06/21/2023 08:00:00.000 
12889,"1,822.94",599.53,295.25,894.78,"2,354.82",06/21/2023 08:00:00.000 
12884,"6,819.00","1,470.82",644.00,"2,114.82","7,467.00",06/20/2023 08:00:00.000 
12886,"3,099.99",364.26,524.02,888.28,"3,823.68",06/20/2023 08:00:00.000 
12882,"5,129.00",502.37,"1,997.75","2,500.12","8,837.00",06/17/2023 12:00:00.000 
12870,"1,229.00",234.43,270.00,504.43,"1,668.41",06/16/2023 12:00:00.000 
12876,"16,581.29","1,989.00","1,015.15","3,004.15","18,326.79",06/16/2023 12:00:00.000 
12877,"6,849.00",599.35,644.00,"1,243.35","7,981.60",06/16/2023 12:00:00.000 
12881,"1,784.25",747.50,370.00,"1,117.50","2,339.76",06/16/2023 12:00:00.000 
12848,"12,323.00","2,590.05",420.00,"3,010.05","13,524.66",06/16/2023 12:00:00.000 
12866,"8,299.50","1,249.95",349.00,"1,598.95","8,648.50",06/15/2023 12:00:00.000 
12878,"16,456.00","2,396.88","1,064.00","3,460.88","19,204.23",06/14/2023 12:00:00.000 
12874,"27,214.35","4,356.00","2,632.95","6,988.95","31,724.87",06/14/2023 12:00:00.000 
12879,"8,810.65","1,227.00",944.00,"2,171.00","11,174.12",06/14/2023 12:00:00.000 
12875,"7,807.00","1,638.27",544.00,"2,182.27","8,910.07",06/13/2023 12:00:00.000 
12868,0.00,0.00,"1,250.00","1,250.00","2,639.00",06/10/2023 12:00:00.000 
12867,"12,107.00","1,383.53","1,983.00","3,366.53","14,839.25",06/10/2023 12:00:00.000 
12872,"8,236.00","1,457.32","1,694.00","3,151.32","10,781.68",06/10/2023 12:00:00.000 
12863,"11,660.00","2,700.08","1,034.00","3,734.08","13,894.15",06/10/2023 12:00:00.000 
12873,"3,499.00",539.54,950.00,"1,489.54","4,992.88",06/10/2023 12:00:00.000 
12871,"14,335.00","1,658.30","2,114.66","3,772.96","18,352.12",06/10/2023 12:00:00.000 
12869,"6,907.00","1,323.88","1,044.00","2,367.88","8,700.25",06/10/2023 12:00:00.000 
12864,"3,999.00",742.50,"1,558.30","2,300.80","6,636.92",06/09/2023 12:00:00.000 
12861,"12,965.50","2,086.00",714.00,"2,800.00","14,536.25",06/09/2023 12:00:00.000 
12862,"2,759.00",535.30,270.00,805.30,"3,244.03",06/08/2023 12:00:00.000 
12852,"14,668.99","3,836.43",714.00,"4,550.43","16,769.59",06/07/2023 12:00:00.000 
12855,"16,914.65","3,308.52",714.00,"4,022.52","18,664.77",06/07/2023 12:00:00.000 
12858,"3,949.55",879.90,544.00,"1,423.90","4,829.35",06/07/2023 12:00:00.000 
12857,0.00,0.00,310.00,310.00,"1,000.00",06/06/2023 12:00:00.000 
12860,"13,219.35","1,658.00","3,243.00","4,901.00","17,499.82",06/06/2023 12:00:00.000 
12851,"12,369.00","3,020.76","2,082.00","5,102.76","15,412.17",06/03/2023 12:00:00.000 
12859,"8,994.00","1,034.68","2,030.05","3,064.73","11,995.12",06/03/2023 12:00:00.000 
12854,"1,399.00",503.30,199.00,702.30,"1,682.21",06/03/2023 12:00:00.000 
12842,"15,947.40","2,034.80","2,321.00","4,355.80","20,011.10",06/03/2023 12:00:00.000 
12728,"3,473.00",429.30,294.00,723.30,"3,994.45",06/03/2023 12:00:00.000 
12847,"11,729.60","1,686.00",714.00,"2,400.00","12,940.37",06/01/2023 12:00:00.000 
12844,"8,079.10","1,031.61",544.00,"1,575.61","9,205.27",06/01/2023 12:00:00.000 
12841,"9,625.55","1,339.95",349.00,"1,688.95","9,999.80",05/31/2023 12:00:00.000 
12843,"3,777.70",822.00,"1,265.25","2,087.25","5,827.64",05/31/2023 12:00:00.000 
12838,"4,989.00",626.15,449.00,"1,075.15","5,555.46",05/30/2023 12:00:00.000 
12839,"4,677.55",779.85,449.00,"1,228.85","5,237.28",05/30/2023 12:00:00.000 
12840,"12,229.00","1,937.06","1,082.00","3,019.06","14,399.18",05/30/2023 12:00:00.000 
12834,"7,869.00","1,090.32","1,544.00","2,634.32","10,651.57",05/27/2023 12:00:00.000 
12832,"4,241.00",559.48,449.00,"1,008.48","4,690.00",05/27/2023 12:00:00.000 
12835,"3,229.99",638.43,"1,508.82","2,147.25","4,115.21",05/27/2023 12:00:00.000 
12829,"16,093.99","3,158.12","1,559.00","4,717.12","18,475.00",05/27/2023 12:00:00.000 
12833,"6,450.00","2,002.26",694.50,"2,696.76","7,570.22",05/27/2023 12:00:00.000 
12836,"3,725.00",979.41,440.09,"1,419.50","4,308.49",05/27/2023 12:00:00.000 
12830,"10,297.00","1,364.76","1,545.83","2,910.59","12,426.00",05/27/2023 12:00:00.000 
12794,"26,983.80","4,036.35","1,982.06","6,018.41","32,107.40",05/26/2023 12:00:00.000 
12779,"32,042.70","3,876.31","1,414.00","5,290.31","37,410.21",05/26/2023 12:00:00.000 
12828,"7,800.00",982.55,644.00,"1,626.55","8,548.00",05/26/2023 12:00:00.000 
12831,"8,058.99","1,271.45",830.20,"2,101.65","9,176.64",05/26/2023 12:00:00.000 
12826,"5,172.55","1,066.85","1,838.25","2,905.10","8,625.47",05/25/2023 12:00:00.000 
12827,"6,527.55","1,373.27",683.77,"2,057.04","7,591.03",05/24/2023 12:00:00.000 
12825,"1,489.99",518.23,199.00,717.23,"1,763.22",05/23/2023 12:00:00.000 
12823,"5,940.00",-864.27,490.14,-374.13,"6,645.68",05/23/2023 12:00:00.000 
12824,"1,789.99",599.53,199.00,798.53,"2,071.92",05/23/2023 12:00:00.000 
12822,"11,979.00","2,169.81","1,264.00","3,433.81","14,506.60",05/23/2023 12:00:00.000 
12817,"1,459.00",442.53,199.00,641.53,"1,731.33",05/20/2023 12:00:00.000 
12820,"1,459.00",510.28,199.00,709.28,"1,731.33",05/20/2023 12:00:00.000 
12819,"15,819.10","2,584.11","1,010.55","3,594.66","16,706.57",05/20/2023 12:00:00.000 
12816,"9,009.65","1,426.00",871.15,"2,297.15","9,954.30",05/20/2023 12:00:00.000 
12821,"5,137.00",381.40,294.00,675.40,"5,935.76",05/20/2023 12:00:00.000 
12818,"1,459.00",541.30,199.00,740.30,"1,731.33",05/20/2023 12:00:00.000 
12813,"18,285.39","2,381.92","1,314.00","3,695.92","21,134.39",05/19/2023 12:00:00.000 
12812,"31,244.00","5,185.75","4,196.00","9,381.75","38,890.24",05/19/2023 12:00:00.000 
12814,"14,259.00","2,300.39","1,214.00","3,514.39","17,163.68",05/19/2023 12:00:00.000 
12809,"3,199.00",635.33,494.00,"1,129.33","3,959.23",05/17/2023 12:00:00.000 
12800,"15,629.00","3,964.47","1,511.45","5,475.92","18,729.00",05/17/2023 12:00:00.000 
12810,"3,199.00",636.33,494.00,"1,130.33","3,959.23",05/17/2023 12:00:00.000 
12751,"10,755.75","1,946.10",519.00,"2,465.10","11,344.22",05/17/2023 12:00:00.000 
12807,"2,367.95",198.73,199.00,397.73,"2,871.62",05/16/2023 12:00:00.000 
12808,"12,883.17",675.69,714.00,"1,389.69","14,147.50",05/16/2023 12:00:00.000 
12740,"13,205.75","2,231.75",528.60,"2,760.35","13,973.09",05/16/2023 12:00:00.000 
12803,"7,807.00","1,018.37","1,190.00","2,208.37","9,733.07",05/16/2023 12:00:00.000 
12777,"1,759.00",640.30,199.00,839.30,"2,040.03",05/13/2023 12:00:00.000 
12805,"11,726.00","2,234.69","1,877.00","4,111.69","15,115.35",05/13/2023 12:00:00.000 
12802,"16,351.00","3,015.75",449.00,"3,464.75","16,800.00",05/13/2023 12:00:00.000 
12804,"4,099.00",616.30,694.40,"1,310.70","5,123.50",05/13/2023 12:00:00.000 
12806,"11,399.00","2,524.50","1,989.03","4,513.53","15,668.79",05/13/2023 12:00:00.000 
12799,"5,609.65",552.10,824.25,"1,376.35","7,187.92",05/12/2023 12:00:00.000 
12798,"10,029.00","2,067.15","2,053.04","4,120.19","15,161.73",05/12/2023 12:00:00.000 
12801,"1,329.00",331.43,199.00,530.43,"1,679.61",05/12/2023 12:00:00.000 
12756,"9,751.00","1,467.47",349.00,"1,816.47","10,105.96",05/12/2023 12:00:00.000 
12797,"5,925.75",925.75,349.00,"1,274.75","6,456.72",05/12/2023 12:00:00.000 
12792,"1,399.00",473.33,199.00,672.33,"1,759.40",05/11/2023 12:00:00.000 
12795,"9,047.55","1,490.00","2,816.78","4,306.78","13,235.89",05/11/2023 12:00:00.000 
12796,"10,649.00","1,571.30",544.00,"2,115.30","12,259.28",05/11/2023 12:00:00.000 
12790,"8,949.00","1,119.38",544.00,"1,663.38","9,884.59",05/10/2023 12:00:00.000 
12793,"2,357.00",156.95,324.00,480.95,"2,919.70",05/10/2023 12:00:00.000 
12791,"7,906.00","1,196.23",349.00,"1,545.23","8,519.65",05/10/2023 12:00:00.000 
12788,"10,784.98","1,093.99","2,713.00","3,806.99","14,915.23",05/09/2023 12:00:00.000 
12787,"2,759.00",811.00,544.00,"1,355.00","3,432.25",05/09/2023 12:00:00.000 
12782,"6,419.52","1,232.90","1,336.05","2,568.95","8,434.47",05/06/2023 12:00:00.000 
12776,"6,679.00",884.77,349.00,"1,233.77","7,115.00",05/06/2023 12:00:00.000 
12784,"7,649.00","1,135.90",644.00,"1,779.90","8,823.76",05/06/2023 12:00:00.000 
12786,"1,399.00",398.25,199.00,597.25,"1,669.59",05/06/2023 12:00:00.000 
12785,"10,720.00",962.89,519.00,"1,481.89","11,264.25",05/06/2023 12:00:00.000 
12780,"10,447.55","1,742.00",932.00,"2,674.00","11,120.80",05/06/2023 12:00:00.000 
12781,"10,219.00","1,667.45",972.76,"2,640.21","10,892.25",05/06/2023 12:00:00.000 
12783,"12,563.94","1,909.03","3,059.00","4,968.03","17,783.03",05/06/2023 12:00:00.000 
12775,"7,879.95",902.93,921.00,"1,823.93","10,098.16",05/06/2023 12:00:00.000 
12778,"1,459.00",510.28,199.00,709.28,"1,731.33",05/05/2023 12:00:00.000 
12770,836.00,302.50,349.00,651.50,"1,244.62",05/05/2023 12:00:00.000 
12773,"3,099.00",363.30,694.00,"1,057.30","4,486.05",05/05/2023 12:00:00.000 
12774,"3,099.00",363.27,694.00,"1,057.27","4,486.05",05/05/2023 12:00:00.000 
12772,"8,199.94",621.32,749.00,"1,370.32","10,372.57",05/05/2023 12:00:00.000 
12771,"18,967.00","7,153.47","1,359.00","8,512.47","17,167.25",05/04/2023 12:00:00.000 
12763,"7,400.00",737.80,449.00,"1,186.80","8,262.64",05/03/2023 12:00:00.000 
12761,"3,000.00","-2,127.34",0.00,"-2,127.34","3,281.10",05/03/2023 12:00:00.000 
12759,"4,525.00",-140.15,199.00,58.85,"4,886.25",05/02/2023 12:00:00.000 
12765,"15,829.00","3,198.87",696.39,"3,895.26","17,739.70",04/29/2023 12:00:00.000 
12767,"29,500.00","4,780.21","2,480.00","7,260.21","35,830.76",04/29/2023 12:00:00.000 
12764,"15,829.00","3,188.92",696.39,"3,885.31","17,739.70",04/29/2023 12:00:00.000 
12760,"8,919.99","1,409.40",544.00,"1,953.40","9,862.04",04/29/2023 12:00:00.000 
12766,"7,807.00",793.40,749.00,"1,542.40","9,487.77",04/29/2023 12:00:00.000 
12762,"3,099.00",363.30,349.00,712.30,"3,573.24",04/29/2023 12:00:00.000 
12757,"1,359.00",388.20,199.00,587.20,"1,663.60",04/28/2023 12:00:00.000 
12758,"10,877.90","2,171.48","1,194.00","3,365.48","13,358.15",04/28/2023 12:00:00.000 
12752,"15,294.63","2,905.01",519.00,"3,424.01","16,660.37",04/26/2023 12:00:00.000 
12746,"4,036.00","1,559.03",199.00,"1,758.03","4,357.82",04/22/2023 12:00:00.000 
12736,"8,070.00","2,033.21",616.98,"2,650.19","9,408.12",04/22/2023 12:00:00.000 
12745,"15,741.95","1,007.12","1,119.00","2,126.12","18,436.94",04/22/2023 12:00:00.000 
12749,"18,930.00","-3,513.93","1,133.75","-2,380.18","22,006.47",04/22/2023 12:00:00.000 
12747,"23,435.75","4,245.60","2,149.37","6,394.97","26,911.86",04/22/2023 12:00:00.000 
12748,"1,459.00",385.43,199.00,584.43,"1,770.62",04/22/2023 12:00:00.000 
12743,"5,999.00","1,650.00","1,805.42","3,455.42","9,056.79",04/21/2023 12:00:00.000 
12742,"5,174.00",565.46,349.00,914.46,"5,523.00",04/21/2023 12:00:00.000 
12744,"13,489.15","2,009.00",519.00,"2,528.00","14,468.81",04/21/2023 12:00:00.000 
12737,"10,409.65","1,578.00",649.00,"2,227.00","11,940.90",04/21/2023 12:00:00.000 
12739,"3,248.75",934.95,199.00,"1,133.95","3,733.64",04/20/2023 12:00:00.000 
12738,"5,709.65","1,113.95",349.00,"1,462.95","6,541.50",04/19/2023 12:00:00.000 
12735,"6,807.00",778.11,"1,048.00","1,826.11","8,475.00",04/18/2023 12:00:00.000 
12733,"10,919.00","2,070.19",819.00,"2,889.19","13,027.67",04/15/2023 12:00:00.000 
12427,"5,649.00","1,053.25",349.00,"1,402.25","6,197.19",04/15/2023 12:00:00.000 
12734,"5,649.00","1,053.25",349.00,"1,402.25","6,534.28",04/15/2023 12:00:00.000 
12729,"4,876.00",120.40,924.69,"1,045.09","7,054.38",04/15/2023 12:00:00.000 
12692,"8,625.85",789.00,690.58,"1,479.58","9,772.08",04/14/2023 12:00:00.000 
12731,"17,431.29","2,005.00","2,980.38","4,985.38","23,159.11",04/14/2023 12:00:00.000 
12732,"10,977.55","1,625.00","2,956.45","4,581.45","15,727.73",04/14/2023 12:00:00.000 
12730,"13,158.94","1,946.30",349.00,"2,295.30","14,245.06",04/13/2023 12:00:00.000 
12615,"13,727.52",945.00,349.00,"1,294.00","14,803.79",04/13/2023 12:00:00.000 
12698,"7,633.00",874.95,"1,049.24","1,924.19","10,049.62",04/13/2023 12:00:00.000 
12717,"31,232.85","6,420.00","3,874.92","10,294.92","35,871.07",04/12/2023 12:00:00.000 
12726,"4,399.00",509.83,328.96,838.79,"4,840.31",04/11/2023 12:00:00.000 
12725,"4,877.55",583.62,"1,644.00","2,227.62","8,223.26",04/11/2023 12:00:00.000 
12721,"14,629.00","2,670.39","1,814.00","4,484.39","18,331.47",04/08/2023 12:00:00.000 
12720,"8,617.50","1,260.00",608.03,"1,868.03","9,544.31",04/08/2023 12:00:00.000 
12718,"5,981.00","-1,217.04",493.75,-723.29,"7,062.90",04/08/2023 12:00:00.000 
12716,"13,149.00","2,031.25",753.60,"2,784.85","14,973.63",04/08/2023 12:00:00.000 
12724,"8,094.00","1,353.35",349.00,"1,702.35","9,114.14",04/08/2023 12:00:00.000 
12715,"3,145.99",400.30,"1,777.79","2,178.09","5,957.42",04/08/2023 12:00:00.000 
12722,"14,629.00","2,670.39","1,814.00","4,484.39","18,331.47",04/08/2023 12:00:00.000 
12723,"8,019.00","1,261.50",349.00,"1,610.50","9,033.40",04/08/2023 12:00:00.000 
12714,"3,099.00",363.27,630.13,993.40,"3,953.96",04/07/2023 12:00:00.000 
12711,"9,358.49","1,180.22","2,378.79","3,559.01","13,339.51",04/06/2023 12:00:00.000 
12712,"3,199.43",710.78,349.00,"1,059.78","3,876.00",04/06/2023 12:00:00.000 
12672,"10,897.83",-385.44,400.00,14.56,"11,497.40",04/05/2023 12:00:00.000 
12710,"4,809.65",906.00,544.00,"1,450.00","5,457.65",04/04/2023 12:00:00.000 
12709,"2,048.91",413.36,199.00,612.36,"2,464.69",04/04/2023 12:00:00.000 
12707,"1,329.00",362.30,199.00,561.30,"1,597.56",04/01/2023 12:00:00.000 
12706,"1,329.00",489.24,199.00,688.24,"1,597.56",04/01/2023 12:00:00.000 
12705,"21,635.00","1,786.29","1,373.66","3,159.95","23,798.89",04/01/2023 12:00:00.000 
12704,"3,149.00","1,500.00",394.00,"1,894.00","3,823.44",04/01/2023 12:00:00.000 
12703,"4,099.00",616.30,879.20,"1,495.50","5,216.53",03/31/2023 12:00:00.000 
12702,"5,337.00",840.90,"1,561.76","2,402.66","7,981.37",03/31/2023 12:00:00.000 
12696,"8,949.00","1,365.35","1,445.76","2,811.11","11,125.53",03/30/2023 12:00:00.000 
12700,"5,699.99","1,053.25",810.56,"1,863.81","6,847.94",03/30/2023 12:00:00.000 
12699,"4,839.65",941.95,349.00,"1,290.95","5,655.97",03/30/2023 12:00:00.000 
12695,"3,199.00",710.35,569.00,"1,279.35","3,872.00",03/29/2023 12:00:00.000 
12694,"6,882.00",728.19,449.00,"1,177.19","7,637.32",03/29/2023 12:00:00.000 
12693,"10,549.00","1,249.40",349.00,"1,598.40","10,923.25",03/28/2023 12:00:00.000 
12690,"10,854.94","1,931.25",459.68,"2,390.93","12,372.00",03/25/2023 12:00:00.000 
12691,"13,319.00","2,525.95","2,908.00","5,433.95","18,424.84",03/25/2023 12:00:00.000 
12689,"9,349.00","1,437.30",349.00,"1,786.30","10,004.49",03/25/2023 12:00:00.000 
12656,"4,099.00",799.60,449.00,"1,248.60","4,548.00",03/25/2023 12:00:00.000 
12688,"4,099.00",534.30,199.00,733.30,"4,412.44",03/25/2023 12:00:00.000 
12686,"9,249.00","1,429.25",759.05,"2,188.30","10,752.48",03/24/2023 12:00:00.000 
12687,"17,855.00","2,006.61",796.42,"2,803.03","20,161.66",03/24/2023 12:00:00.000 
12683,"8,949.00","1,365.30","1,007.60","2,372.90","10,113.25",03/23/2023 12:00:00.000 
12675,"14,748.99","2,667.44","2,613.00","5,280.44","18,834.23",03/22/2023 12:00:00.000 
12682,"3,866.37",-369.54,349.00,-20.54,"4,462.78",03/22/2023 12:00:00.000 
12681,"30,814.45","3,797.30","2,581.00","6,378.30","36,389.64",03/21/2023 12:00:00.000 
12680,"3,099.00",372.22,349.00,721.22,"3,599.11",03/18/2023 12:00:00.000 
12679,"15,252.48","2,405.39","2,064.00","4,469.39","18,473.99",03/18/2023 12:00:00.000 
12677,"14,629.00","2,670.39","2,513.00","5,183.39","19,284.06",03/18/2023 12:00:00.000 
12678,"5,649.00","1,053.25",544.00,"1,597.25","6,496.19",03/18/2023 12:00:00.000 
12676,"2,407.00",328.29,262.36,590.65,"2,828.03",03/17/2023 12:00:00.000 
12674,"26,175.65","4,253.10","1,268.00","5,521.10","29,906.62",03/17/2023 12:00:00.000 
12670,"6,882.00",748.64,849.00,"1,597.64","8,585.95",03/17/2023 12:00:00.000 
12673,"2,099.00",-232.97,-25.25,-258.22,"2,099.00",03/17/2023 12:00:00.000 
12669,"4,151.00","1,825.86",349.00,"2,174.86","4,500.00",03/16/2023 12:00:00.000 
12671,"22,061.94","2,593.80","2,005.40","4,599.20","24,270.32",03/16/2023 12:00:00.000 
12668,"14,629.00","2,670.39","2,358.00","5,028.39","19,042.37",03/14/2023 12:00:00.000 
12667,"13,349.00","2,331.21","2,358.00","4,689.21","17,721.77",03/14/2023 12:00:00.000 
12665,"7,950.00","2,294.05",349.00,"2,643.05","8,564.92",03/14/2023 12:00:00.000 
12666,"12,875.95","2,963.70","1,314.00","4,277.70","15,529.59",03/14/2023 12:00:00.000 
12663,"21,632.90","3,213.30","1,644.00","4,857.30","25,150.53",03/11/2023 12:00:00.000 
12660,"14,629.00","2,670.39","1,586.19","4,256.58","18,202.67",03/11/2023 12:00:00.000 
12659,"12,537.00","1,083.35",906.29,"1,989.64","14,141.66",03/10/2023 12:00:00.000 
12657,"14,629.00","2,670.39","1,513.50","4,183.89","17,633.18",03/10/2023 12:00:00.000 
12658,"7,907.00",726.65,"1,144.00","1,870.65","10,362.00",03/10/2023 12:00:00.000 
12655,"6,972.00",294.95,349.00,643.95,"7,321.00",03/03/2023 12:00:00.000 
12628,0.00,0.00,400.00,400.00,"1,070.00",03/03/2023 12:00:00.000 
12654,"7,824.00",230.30,"2,038.25","2,268.55","10,458.59",02/28/2023 12:00:00.000 
12653,"6,411.00","2,159.17",954.10,"3,113.27","7,694.00",02/28/2023 12:00:00.000 
12649,"12,562.96","1,801.90",714.00,"2,515.90","13,821.76",02/25/2023 02:00:00.000 
12648,"15,626.98","2,137.42","2,730.98","4,868.40","20,777.29",02/25/2023 12:00:00.000 
12651,"10,419.00",785.22,"1,566.75","2,351.97","12,862.49",02/25/2023 12:00:00.000 
12650,"8,187.00",583.35,"1,037.00","1,620.35","9,993.90",02/25/2023 12:00:00.000 
12647,"3,865.10","1,718.83",349.00,"2,067.83","3,648.71",02/25/2023 12:00:00.000 
12644,"8,019.00","1,061.48",792.00,"1,853.48","9,560.25",02/24/2023 12:00:00.000 
12646,"12,229.00",937.06,"1,748.00","2,685.06","16,164.73",02/24/2023 12:00:00.000 
12561,"8,102.99","6,499.66",449.00,"6,948.66","8,800.00",02/22/2023 12:00:00.000 
12633,"4,949.20",716.06,512.80,"1,228.86","5,961.30",02/21/2023 12:00:00.000 
12634,"4,949.20",634.53,502.00,"1,136.53","5,961.30",02/21/2023 12:00:00.000 
12642,"6,165.15",0.00,0.00,0.00,"6,165.15",02/21/2023 12:00:00.000 
12641,"6,145.25",0.00,0.00,0.00,"6,145.25",02/21/2023 12:00:00.000 
12625,"5,072.90","1,232.90",449.00,"1,681.90","5,992.36",02/21/2023 12:00:00.000 
12643,"11,232.95","1,574.08","3,010.31","4,584.39","16,142.42",02/21/2023 12:00:00.000 
12639,"5,649.00",811.35,"1,525.60","2,336.95","7,730.00",02/18/2023 12:00:00.000 
12635,"1,334.70",385.98,0.00,385.98,"1,373.41",02/17/2023 12:00:00.000 
12637,"1,359.00",189.63,199.00,388.63,"1,715.99",02/17/2023 12:00:00.000 
12638,"5,688.52",880.99,349.00,"1,229.99","6,380.95",02/17/2023 12:00:00.000 
12596,"12,676.30","1,581.43","1,444.00","3,025.43","14,819.55",02/17/2023 12:00:00.000 
12636,"1,274.00",348.33,199.00,547.33,"1,587.88",02/16/2023 12:00:00.000 
12619,"13,539.89","2,442.42",449.00,"2,891.42","14,754.07",02/14/2023 12:00:00.000 
12622,"5,289.00",296.43,349.00,645.43,"6,153.91",02/11/2023 12:00:00.000 
12630,"28,125.75","-3,171.21",298.50,"-2,872.71","28,500.00",02/11/2023 12:00:00.000 
12629,"3,768.00",729.03,199.00,928.03,"4,176.06",02/11/2023 12:00:00.000 
12624,"16,583.60","2,139.88","2,994.00","5,133.88","22,091.04",02/10/2023 12:00:00.000 
12627,"22,300.30","1,607.43","1,514.00","3,121.43","26,213.00",02/09/2023 12:00:00.000 
12623,"3,149.00",465.28,199.00,664.28,"3,524.44",02/07/2023 12:00:00.000 
12621,"16,449.00","2,776.97","2,231.00","5,007.97","20,641.00",02/04/2023 12:00:00.000 
12620,"10,537.72",0.00,-25.25,-25.25,"10,537.72",02/03/2023 12:00:00.000 
12597,"4,556.00",658.25,869.00,"1,527.25","6,230.13",02/01/2023 12:00:00.000 
12618,"5,511.00","1,061.75","1,931.00","2,992.75","8,920.82",01/28/2023 12:00:00.000 
12614,"9,400.00","1,417.61","1,423.80","2,841.41","11,324.80",01/27/2023 12:00:00.000 
12616,"9,538.49",983.35,349.00,"1,332.35","10,404.69",01/26/2023 12:00:00.000 
12612,"10,587.00","1,331.38",349.00,"1,680.38","11,278.39",01/24/2023 12:00:00.000 
12609,"3,099.00",372.22,349.00,721.22,"3,664.79",01/21/2023 12:00:00.000 
12613,"9,278.00","1,426.28","1,261.86","2,688.14","11,514.44",01/20/2023 12:00:00.000 
12611,"8,864.50",831.43,694.00,"1,525.43","10,822.74",01/20/2023 12:00:00.000 
12610,"4,286.00",-78.58,349.00,270.42,"4,904.52",01/19/2023 12:00:00.000 
12568,"11,399.00","1,531.13",349.00,"1,880.13","12,660.05",01/13/2023 12:00:00.000 
12604,"8,700.00","1,602.27",349.00,"1,951.27","9,328.17",01/10/2023 12:00:00.000 
12605,0.00,0.00,900.00,900.00,"1,950.00",01/07/2023 12:00:00.000 
12600,"10,258.99","1,195.37","1,329.00","2,524.37","12,549.64",01/07/2023 12:00:00.000 
12539,"11,273.50","1,618.11",349.00,"1,967.11","12,260.25",01/04/2023 12:00:00.000 
12598,"25,256.95","2,975.33",519.00,"3,494.33","25,811.34",01/03/2023 12:00:00.000 
12579,"20,520.95","2,245.83","1,324.95","3,570.78","23,359.13",12/30/2022 12:00:00.000 
12571,"18,766.10","2,011.88",519.00,"2,530.88","19,873.54",12/27/2022 12:00:00.000 
12591,"9,454.81",713.65,519.00,"1,232.65","10,331.86",12/24/2022 12:00:00.000 
12595,"2,111.00",408.92,349.00,757.92,"2,670.75",12/24/2022 12:00:00.000 
12593,"7,625.00",11.37,349.00,360.37,"8,230.50",12/24/2022 12:00:00.000 
12592,"3,450.95",715.28,199.00,914.28,"3,925.30",12/24/2022 12:00:00.000 
12590,"4,751.00","1,219.13",449.00,"1,668.13","5,630.04",12/24/2022 12:00:00.000 
12594,"7,625.50",21.85,349.00,370.85,"8,231.01",12/24/2022 12:00:00.000 
12549,"12,752.14","1,874.37",349.00,"2,223.37","13,807.01",12/23/2022 12:00:00.000 
12584,"27,367.05","2,580.33",519.00,"3,099.33","29,388.01",12/21/2022 12:00:00.000 
12588,"25,092.00","4,530.33",519.00,"5,049.33","26,345.68",12/21/2022 12:00:00.000 
12586,"8,619.00","1,714.34","1,298.03","3,012.37","10,935.86",12/20/2022 12:00:00.000 
12583,"3,568.00",400.03,199.00,599.03,"3,767.00",12/20/2022 12:00:00.000 
12587,"3,568.00",325.53,199.00,524.53,"4,050.52",12/20/2022 12:00:00.000 
12582,"22,040.65","2,240.83",519.00,"2,759.83","22,599.30",12/20/2022 12:00:00.000 
12523,"3,349.00",535.30,349.00,884.30,"3,698.00",12/20/2022 12:00:00.000 
12585,"8,619.00","1,025.30","1,397.39","2,422.69","10,935.86",12/20/2022 12:00:00.000 
12566,"12,187.00",597.39,349.00,946.39,"13,000.01",12/17/2022 12:00:00.000 
12572,"5,317.00","1,177.54",498.74,"1,676.28","5,989.84",12/14/2022 12:00:00.000 
12573,"7,119.00",785.22,349.00,"1,134.22","7,468.00",12/14/2022 12:00:00.000 
12562,"3,099.00",337.28,199.00,536.28,"3,497.05",12/13/2022 12:00:00.000 
12563,"3,099.00",337.28,199.00,536.28,"3,497.05",12/13/2022 12:00:00.000 
12565,"27,878.46","3,190.53","1,017.80","4,208.33","29,881.19",12/10/2022 12:00:00.000 
12304,"4,899.00",881.28,449.00,"1,330.28","5,532.46",12/10/2022 12:00:00.000 
12570,"24,900.00",0.00,500.00,500.00,"25,400.00",12/10/2022 12:00:00.000 
12569,"8,119.00",938.62,"2,621.54","3,560.16","11,868.82",12/10/2022 12:00:00.000 
12567,"9,560.00",972.03,349.00,"1,321.03","10,642.87",12/10/2022 12:00:00.000 
12547,"2,199.00",244.25,199.00,443.25,"2,492.79",12/09/2022 12:00:00.000 
12548,"1,999.00",35.28,199.00,234.28,"2,339.08",12/08/2022 12:00:00.000 
12564,"6,888.00",49.05,349.00,398.05,"7,472.12",12/08/2022 12:00:00.000 
12558,"3,099.00",415.25,349.00,764.25,"3,654.96",12/08/2022 12:00:00.000 
12560,"7,168.99",685.22,501.62,"1,186.84","8,104.98",12/02/2022 12:00:00.000 
12559,"1,480.00",285.00,0.00,285.00,"1,480.00",11/30/2022 12:00:00.000 
12557,"8,949.00","1,250.78",738.34,"1,989.12","9,813.25",11/26/2022 12:00:00.000 
12554,"9,228.00","1,232.28","1,249.00","2,481.28","11,324.98",11/25/2022 12:00:00.000 
12556,"1,423.95",370.33,199.00,569.33,"1,731.88",11/25/2022 12:00:00.000 
12555,"3,099.00",456.38,349.00,805.38,"3,650.42",11/25/2022 12:00:00.000 
12550,"25,245.00",869.80,0.00,869.80,"25,245.00",11/22/2022 12:00:00.000 
12543,"4,149.00",639.28,199.00,838.28,"4,602.39",11/22/2022 12:00:00.000 
12284,"42,179.34","2,070.33","2,071.87","4,142.20","43,665.53",11/22/2022 12:00:00.000 
12553,"11,763.80","1,376.48","1,546.99","2,923.47","13,899.72",11/22/2022 12:00:00.000 
12551,"22,786.00",125.55,0.00,125.55,"22,786.00",11/22/2022 12:00:00.000 
12546,"17,598.98","2,793.87",519.00,"3,312.87","19,686.89",11/17/2022 12:00:00.000 
12545,"8,699.00","1,091.43",449.00,"1,540.43","9,838.10",11/15/2022 12:00:00.000 
12544,"16,777.80","2,346.94",747.22,"3,094.16","17,928.90",11/12/2022 12:00:00.000 
12540,"2,092.95",40.78,199.00,239.78,"2,383.67",11/11/2022 12:00:00.000 
12084,"8,784.00",949.03,326.86,"1,275.89","9,257.44",11/10/2022 12:00:00.000 
12535,"10,917.45","1,679.38",519.00,"2,198.38","12,078.25",11/08/2022 12:00:00.000 
12536,"11,441.00","1,788.43","2,249.00","4,037.43","15,648.60",11/08/2022 12:00:00.000 
12534,"25,253.95","3,175.33","1,500.05","4,675.38","29,380.42",11/08/2022 12:00:00.000 
12533,"19,999.00","2,605.79",930.96,"3,536.75","22,718.56",11/05/2022 12:00:00.000 
12518,"6,299.00",94.67,273.12,367.79,"6,675.12",11/05/2022 12:00:00.000 
12439,"18,993.94","1,594.58",188.00,"1,782.58","19,788.70",11/03/2022 12:00:00.000 
12530,"5,649.00",814.46,188.00,"1,002.46","6,359.56",11/02/2022 12:00:00.000 
12528,"14,665.85","2,485.32","1,574.20","4,059.52","17,664.48",11/02/2022 12:00:00.000 
12502,"10,188.00",-494.82,188.00,-306.82,"10,401.25",10/31/2022 12:00:00.000 
12527,"10,119.00","1,335.42",888.00,"2,223.42","12,245.43",10/29/2022 12:00:00.000 
12526,"8,619.00","1,025.30","1,079.65","2,104.95","10,666.38",10/29/2022 12:00:00.000 
12496,"16,374.00","2,567.40",522.75,"3,090.15","17,390.10",10/29/2022 12:00:00.000 
12525,"3,449.00",833.30,188.00,"1,021.30","3,911.67",10/29/2022 12:00:00.000 
12521,"11,309.35",223.30,188.00,411.30,"12,224.64",10/29/2022 12:00:00.000 
12524,"11,999.00",-440.96,509.36,68.40,"12,854.50",10/29/2022 12:00:00.000 
12522,"13,299.00","2,936.86","1,132.00","4,068.86","15,192.25",10/27/2022 12:00:00.000 
12520,32.95,-480.62,8.81,-471.81,32.95,10/25/2022 12:00:00.000 
12519,"13,245.00","2,740.25","1,603.83","4,344.08","16,037.20",10/22/2022 12:00:00.000 
12517,"1,434.00",485.28,188.00,673.28,"1,820.92",10/22/2022 12:00:00.000 
12512,"13,229.00","3,740.40","1,188.00","4,928.40","15,921.20",10/21/2022 12:00:00.000 
12515,"17,070.00","1,916.90",188.00,"2,104.90","17,375.89",10/20/2022 12:00:00.000 
12513,"13,813.95","2,143.65","1,612.78","3,756.43","16,934.73",10/20/2022 12:00:00.000 
12516,"10,119.00","1,337.37","1,188.00","2,525.37","12,301.15",10/20/2022 12:00:00.000 
12506,"9,569.00","1,319.43",688.00,"2,007.43","10,714.25",10/19/2022 12:00:00.000 
12508,"10,119.00","1,337.40",384.88,"1,722.28","10,875.43",10/15/2022 12:00:00.000 
12511,"7,597.99",777.17,188.00,965.17,"8,356.33",10/15/2022 12:00:00.000 
12509,"16,748.00","3,112.02","2,188.00","5,300.02","22,381.37",10/15/2022 12:00:00.000 
12498,"13,245.00","3,473.76",588.00,"4,061.76","14,467.70",10/15/2022 12:00:00.000 
12510,"3,568.00",350.00,188.00,538.00,"4,048.21",10/15/2022 12:00:00.000 
12507,"12,832.78","1,265.65","1,188.00","2,453.65","15,749.24",10/13/2022 12:00:00.000 
12505,"5,699.00",807.83,188.00,995.83,"6,057.72",10/12/2022 12:00:00.000 
12504,"8,813.95","1,132.64",258.00,"1,390.64","9,824.19",10/11/2022 12:00:00.000 
12459,"25,216.40","3,948.35","1,988.00","5,936.35","30,349.58",10/11/2022 12:00:00.000 
12503,"8,419.00","1,516.37",258.00,"1,774.37","9,132.25",10/11/2022 12:00:00.000 
12500,"10,119.00","1,337.37","1,497.00","2,834.37","13,010.41",10/08/2022 12:00:00.000 
12497,"2,179.00",256.78,188.00,444.78,"2,596.99",10/08/2022 12:00:00.000 
12499,"6,198.00",866.43,"2,757.64","3,624.07","10,450.78",10/08/2022 12:00:00.000 
12494,"12,443.95","1,901.87","1,315.00","3,216.87","14,923.52",10/07/2022 12:00:00.000 
12488,"7,126.20",911.70,188.00,"1,099.70","7,607.05",10/07/2022 12:00:00.000 
12493,"5,679.99","1,053.25",188.00,"1,241.25","6,063.41",10/06/2022 12:00:00.000 
12490,"8,119.00","1,103.92",188.00,"1,291.92","8,770.03",10/04/2022 12:00:00.000 
12491,"8,862.49",0.00,0.00,0.00,"8,862.49",10/04/2022 12:00:00.000 
12492,"12,929.00","1,935.63","1,390.82","3,326.45","15,590.26",10/04/2022 12:00:00.000 
12489,"3,999.00",637.03,188.00,825.03,"4,452.88",10/01/2022 12:00:00.000 
12466,"21,341.80","3,081.30",188.00,"3,269.30","21,555.05",10/01/2022 12:00:00.000 
12487,"17,995.00",855.86,188.00,"1,043.86","19,114.31",09/29/2022 12:00:00.000 
12478,"9,349.00","1,359.28","2,024.93","3,384.21","12,274.80",09/29/2022 12:00:00.000 
12480,"7,119.00",907.15,348.25,"1,255.40","8,017.33",09/28/2022 12:00:00.000 
12486,"23,717.00","4,004.47","1,188.00","5,192.47","26,491.16",09/28/2022 12:00:00.000 
12485,"7,999.00",938.02,188.00,"1,126.02","8,723.94",09/27/2022 12:00:00.000 
12481,"13,813.95","2,325.63",188.00,"2,513.63","14,433.26",09/24/2022 12:00:00.000 
12483,"4,399.00",701.03,188.00,889.03,"4,853.98",09/24/2022 12:00:00.000 
12484,"3,650.00",415.53,213.25,628.78,"3,974.55",09/24/2022 12:00:00.000 
12482,"8,407.00","1,333.05",188.00,"1,521.05","8,869.51",09/24/2022 12:00:00.000 
12477,"2,307.00",158.49,188.00,346.49,"2,495.00",09/23/2022 12:00:00.000 
12474,"2,149.00",226.78,239.00,465.78,"2,413.25",09/21/2022 12:00:00.000 
12475,"18,735.00","1,526.44",188.00,"1,714.44","19,471.77",09/21/2022 12:00:00.000 
12473,"11,949.00","2,108.91",188.00,"2,296.91","12,807.98",09/20/2022 12:00:00.000 
12453,"3,349.00",636.78,188.00,824.78,"3,837.43",09/17/2022 12:00:00.000 
12470,"5,786.90",763.44,188.00,951.44,"6,315.03",09/17/2022 12:00:00.000 
12472,"22,891.00","4,891.00","1,584.87","6,475.87","25,875.04",09/17/2022 12:00:00.000 
12469,"2,995.00",795.00,845.00,"1,640.00","4,454.20",09/16/2022 12:00:00.000 
12467,"13,273.95","2,127.60","1,288.00","3,415.60","15,761.85",09/15/2022 12:00:00.000 
12468,"17,749.00","2,913.46",188.00,"3,101.46","18,882.28",09/15/2022 12:00:00.000 
12462,0.00,"-1,058.26",0.00,"-1,058.26",0.00,09/14/2022 12:00:00.000 
12464,"2,179.00",264.78,188.00,452.78,"2,460.89",09/14/2022 12:00:00.000 
12463,"11,749.93","1,455.31",188.00,"1,643.31","12,245.58",09/14/2022 12:00:00.000 
12465,"3,749.00",394.58,188.00,582.58,"4,076.42",09/14/2022 12:00:00.000 
12460,"14,759.01","2,430.63","1,468.77","3,899.40","17,430.93",09/13/2022 12:00:00.000 
12461,"2,707.00",558.49,188.00,746.49,"3,134.42",09/13/2022 12:00:00.000 
12234,"3,349.00",636.78,188.00,824.78,"3,748.65",09/13/2022 12:00:00.000 
12457,"7,119.00",885.17,415.88,"1,301.05","8,017.33",09/10/2022 12:00:00.000 
12419,"10,919.00","1,579.44",188.00,"1,767.44","11,717.59",09/10/2022 12:00:00.000 
12458,"5,737.00",982.98,"2,167.37","3,150.35","9,374.81",09/10/2022 12:00:00.000 
12387,"38,750.31","4,845.15",788.00,"5,633.15","40,263.31",09/09/2022 12:00:00.000 
12443,"7,395.00","1,446.72",188.00,"1,634.72","7,959.91",09/09/2022 12:00:00.000 
12454,"14,022.95","2,713.10","2,317.34","5,030.44","18,373.87",09/09/2022 12:00:00.000 
12455,"3,889.96",547.70,188.00,735.70,"4,499.40",09/09/2022 12:00:00.000 
12444,"7,995.00","2,580.40",188.00,"2,768.40","8,591.31",09/09/2022 12:00:00.000 
12452,"5,637.00",732.98,188.00,920.98,"6,306.73",09/07/2022 12:00:00.000 
12450,"5,710.00",626.90,188.00,814.90,"6,094.29",09/06/2022 12:00:00.000 
12447,"10,934.98","1,921.40",188.00,"2,109.40","11,734.42",09/03/2022 12:00:00.000 
12448,"7,619.00",955.28,188.00,"1,143.28","8,058.65",09/03/2022 12:00:00.000 
12446,"11,827.94","2,900.69","2,221.43","5,122.12","15,819.30",09/03/2022 12:00:00.000 
12449,"3,599.00",914.13,188.00,"1,102.13","4,198.40",09/03/2022 12:00:00.000 
12445,"10,429.00","2,234.98",188.00,"2,422.98","10,960.71",09/02/2022 12:00:00.000 
12418,"7,569.00","1,117.48",317.77,"1,435.25","8,191.04",09/01/2022 12:00:00.000 
12441,"1,959.00",-54.16,188.00,133.84,"2,147.00",08/31/2022 12:00:00.000 
12440,"8,656.00",0.00,0.00,0.00,"8,656.00",08/31/2022 12:00:00.000 
12435,"8,119.00","1,038.57",188.00,"1,226.57","8,573.15",08/31/2022 12:00:00.000 
12442,"8,119.00","1,038.57",188.00,"1,226.57","8,573.15",08/31/2022 12:00:00.000 
12436,"4,899.00",942.24,"1,000.00","1,942.24","6,898.41",08/31/2022 12:00:00.000 
12437,"25,704.35","1,691.38",188.00,"1,879.38","27,324.93",08/30/2022 12:00:00.000 
12428,"25,021.74","3,557.00","2,716.52","6,273.52","29,841.07",08/27/2022 12:00:00.000 
12434,"17,520.00","2,713.07",606.67,"3,319.74","19,246.97",08/26/2022 12:00:00.000 
12433,"8,388.00",-512.89,188.00,-324.89,"8,750.18",08/26/2022 12:00:00.000 
12432,"2,196.50",218.99,188.00,406.99,"2,534.47",08/25/2022 12:00:00.000 
12431,"14,416.95","2,125.63","1,288.00","3,413.63","18,236.88",08/25/2022 12:00:00.000 
12430,"9,854.00","1,305.47","2,596.93","3,902.40","14,057.47",08/24/2022 12:00:00.000 
12425,"23,155.90","3,589.30",802.98,"4,392.28","24,599.37",08/20/2022 12:00:00.000 
12426,"13,648.00","3,685.76","2,510.09","6,195.85","18,315.30",08/20/2022 12:00:00.000 
12424,"13,319.00","2,325.63","1,343.34","3,668.97","16,133.60",08/19/2022 12:00:00.000 
12423,"13,245.00","3,282.76","1,993.00","5,275.76","17,736.17",08/19/2022 12:00:00.000 
12422,"13,544.00","3,700.76","2,432.00","6,132.76","18,060.65",08/19/2022 12:00:00.000 
12421,"5,813.95","2,219.00",188.00,"2,407.00","6,343.51",08/18/2022 12:00:00.000 
12420,"7,907.00",951.77,188.00,"1,139.77","8,679.50",08/17/2022 12:00:00.000 
12415,"10,179.00",44.13,0.00,44.13,"10,204.25",08/16/2022 12:00:00.000 
12417,"13,245.00","2,593.60","1,232.54","3,826.14","15,965.17",08/16/2022 12:00:00.000 
12416,"10,950.70","1,241.98",356.14,"1,598.12","11,461.72",08/16/2022 12:00:00.000 
12397,"4,500.00",690.50,188.00,878.50,"4,849.20",08/13/2022 12:00:00.000 
12396,"7,000.00","3,190.50",188.00,"3,378.50","7,421.70",08/13/2022 12:00:00.000 
12413,"9,443.99","1,013.57",188.00,"1,201.57","9,762.57",08/13/2022 12:00:00.000 
12414,"8,469.00","1,572.34","1,418.05","2,990.39","10,702.26",08/13/2022 12:00:00.000 
12395,"13,248.97","2,913.90",529.29,"3,443.19","13,851.89",08/13/2022 12:00:00.000 
12389,"7,756.00","1,383.28",188.00,"1,571.28","8,646.08",08/12/2022 12:00:00.000 
12317,"6,424.00",929.33,188.00,"1,117.33","6,829.00",08/12/2022 12:00:00.000 
12412,589.00,-350.22,188.00,-162.22,861.72,08/12/2022 12:00:00.000 
12409,"9,418.91",718.85,403.96,"1,122.81","10,138.45",08/12/2022 12:00:00.000 
12411,"13,620.95","3,546.75","1,166.75","4,713.50","16,215.25",08/12/2022 12:00:00.000 
12410,"1,199.00","1,096.58",15.00,"1,111.58","1,292.91",08/11/2022 12:00:00.000 
12407,"5,299.00",-120.35,188.00,67.65,"5,671.37",08/11/2022 12:00:00.000 
12406,"12,866.40","1,529.91",188.00,"1,717.91","13,315.66",08/10/2022 12:00:00.000 
12269,"29,661.68","3,513.59","1,462.00","4,975.59","31,848.68",08/10/2022 12:00:00.000 
12403,"13,847.44","3,923.29",868.00,"4,791.29","15,990.66",08/09/2022 12:00:00.000 
12394,"8,542.00","1,767.91",188.00,"1,955.91","8,999.98",08/06/2022 12:00:00.000 
12400,"10,528.00","1,173.83",188.00,"1,361.83","11,026.76",08/06/2022 12:00:00.000 
12401,"10,851.85","1,124.36",472.47,"1,596.83","11,878.88",08/06/2022 12:00:00.000 
12402,"4,278.00",559.58,188.00,747.58,"4,466.00",08/06/2022 12:00:00.000 
12398,"19,866.95",427.13,"1,660.68","2,087.81","22,407.37",08/06/2022 12:00:00.000 
12391,"27,468.00",-493.69,976.28,482.59,"29,311.38",08/06/2022 12:00:00.000 
12399,"1,359.00",322.58,188.00,510.58,"1,591.86",08/06/2022 12:00:00.000 
12404,"1,590.00",493.00,0.00,493.00,"1,590.00",08/05/2022 12:00:00.000 
12393,"4,099.00","1,044.77","1,301.31","2,346.08","6,032.53",08/05/2022 12:00:00.000 
12390,"25,895.95","4,908.28",188.00,"5,096.28","28,306.30",08/05/2022 12:00:00.000 
12388,"9,371.88","1,154.35",409.85,"1,564.20","10,063.69",08/04/2022 12:00:00.000 
12384,"23,788.00","1,071.58","1,188.00","2,259.58","27,238.75",08/04/2022 12:00:00.000 
12386,"12,926.00","3,363.30","1,368.00","4,731.30","16,131.32",08/04/2022 12:00:00.000 
12383,"7,507.00",965.43,188.00,"1,153.43","8,100.53",08/02/2022 12:00:00.000 
12194,"7,599.00","1,314.52",327.58,"1,642.10","8,197.37",08/02/2022 12:00:00.000 
12380,"2,345.00",120.15,231.72,351.87,"2,748.81",07/30/2022 12:00:00.000 
12381,"23,484.65","2,691.38",188.00,"2,879.38","24,359.16",07/30/2022 12:00:00.000 
12382,"8,737.00","1,110.44",188.00,"1,298.44","9,183.83",07/30/2022 12:00:00.000 
12379,"3,437.00",500.02,188.00,688.02,"3,730.13",07/30/2022 12:00:00.000 
12364,"11,927.00","1,103.53",188.00,"1,291.53","13,073.47",07/30/2022 12:00:00.000 
12378,"13,460.85","1,410.09",500.10,"1,910.19","14,080.77",07/29/2022 12:00:00.000 
12377,"23,141.40","2,305.44","1,134.00","3,439.44","25,746.56",07/28/2022 12:00:00.000 
12375,"8,407.00","1,504.37","1,145.00","2,649.37","10,752.55",07/28/2022 12:00:00.000 
12376,"13,045.00","3,481.70",454.05,"3,935.75","13,642.01",07/27/2022 12:00:00.000 
12368,"7,737.00",960.44,188.00,"1,148.44","8,600.21",07/23/2022 12:00:00.000 
12369,"13,248.94","2,681.70",188.00,"2,869.70","13,462.19",07/23/2022 12:00:00.000 
12371,"13,219.93","2,671.75",188.00,"2,859.75","13,407.93",07/23/2022 12:00:00.000 
12370,"13,219.93","2,671.75",188.00,"2,859.75","13,433.18",07/23/2022 12:00:00.000 
12374,"10,598.99","1,380.33",543.20,"1,923.53","11,125.06",07/23/2022 12:00:00.000 
12355,"23,926.00","3,731.34","1,683.00","5,414.34","27,138.56",07/22/2022 12:00:00.000 
12367,"6,907.00",825.18,"1,640.80","2,465.98","9,094.16",07/22/2022 12:00:00.000 
12362,"7,907.00","1,279.35","1,276.00","2,555.35","10,146.86",07/22/2022 12:00:00.000 
12333,"4,662.00",488.64,557.40,"1,046.04","5,763.22",07/21/2022 12:00:00.000 
12201,"10,884.00","1,819.76",188.00,"2,007.76","11,418.34",07/21/2022 12:00:00.000 
12363,"8,587.80","2,750.24",623.00,"3,373.24","10,156.10",07/20/2022 12:00:00.000 
12361,"5,707.00",968.18,188.00,"1,156.18","6,230.92",07/20/2022 12:00:00.000 
12366,"11,287.00",563.53,"1,199.00","1,762.53","13,333.03",07/20/2022 12:00:00.000 
12337,"8,407.00","1,341.05",213.25,"1,554.30","9,073.21",07/20/2022 12:00:00.000 
12365,"7,237.00","1,197.98",188.00,"1,385.98","8,254.03",07/20/2022 12:00:00.000 
12357,"11,228.00","1,100.58",398.00,"1,498.58","12,042.87",07/19/2022 12:00:00.000 
12360,"5,187.00",878.11,"1,172.00","2,050.11","7,319.52",07/19/2022 12:00:00.000 
12359,"1,759.00",580.54,188.00,768.54,"2,049.60",07/19/2022 12:00:00.000 
12349,"3,199.00",726.58,188.00,914.58,"3,565.49",07/19/2022 12:00:00.000 
12356,"17,353.87","2,666.95",188.00,"2,854.95","18,197.21",07/16/2022 12:00:00.000 
12354,"4,337.00","1,034.03",188.00,"1,222.03","4,525.00",07/16/2022 12:00:00.000 
12348,"3,937.00",423.33,188.00,611.33,"4,342.39",07/16/2022 12:00:00.000 
12353,"1,811.00","-1,968.04",188.00,"-1,780.04","2,146.45",07/16/2022 12:00:00.000 
12350,"7,151.98",938.38,188.00,"1,126.38","7,552.84",07/16/2022 12:00:00.000 
12351,"5,587.00",957.49,"1,544.00","2,501.49","7,762.73",07/16/2022 12:00:00.000 
12339,"8,500.00","2,384.75",188.00,"2,572.75","8,688.00",07/15/2022 12:00:00.000 
12345,511.00,-286.03,188.00,-98.03,719.27,07/15/2022 12:00:00.000 
12346,988.00,314.98,188.00,502.98,"1,176.00",07/15/2022 12:00:00.000 
12342,"12,337.00","1,737.50","2,211.00","3,948.50","15,210.32",07/15/2022 12:00:00.000 
12347,"5,587.00","1,199.96","1,188.00","2,387.96","7,399.60",07/15/2022 12:00:00.000 
12340,"7,537.00","1,068.81",188.00,"1,256.81","8,383.17",07/15/2022 12:00:00.000 
12343,"2,152.45",308.45,188.00,496.45,"2,457.72",07/15/2022 12:00:00.000 
12338,"12,307.00","2,274.60","1,278.00","3,552.60","15,068.74",07/15/2022 12:00:00.000 
12332,"5,237.00",924.46,"2,571.76","3,496.22","8,755.90",07/13/2022 12:00:00.000 
12335,"5,637.00","1,257.95",188.00,"1,445.95","6,321.29",07/13/2022 12:00:00.000 
12336,"11,228.00","1,405.80",-905.61,500.19,"10,538.54",07/13/2022 12:00:00.000 
12331,"8,037.00","1,163.75",489.80,"1,653.55","8,658.46",07/12/2022 12:00:00.000 
12330,"8,482.00","1,491.79","1,682.40","3,174.19","11,042.16",07/12/2022 12:00:00.000 
12327,"5,799.00","1,495.27",331.52,"1,826.79","6,522.34",07/09/2022 12:00:00.000 
12318,"10,668.00","1,773.10","1,711.20","3,484.30","12,929.63",07/09/2022 12:00:00.000 
12325,"10,526.00","1,305.05",612.80,"1,917.85","11,303.88",07/09/2022 12:00:00.000 
12328,"7,599.00","1,030.20","1,373.12","2,403.32","9,960.70",07/09/2022 12:00:00.000 
12322,"15,126.00","2,909.38","1,086.00","3,995.38","17,532.36",07/09/2022 12:00:00.000 
12329,"20,198.00","-4,662.38","1,188.00","-3,474.38","23,014.72",07/09/2022 12:00:00.000 
12326,"2,212.00",557.45,188.00,745.45,"2,469.60",07/09/2022 12:00:00.000 
12323,"3,578.00","-1,525.65",188.00,"-1,337.65","3,875.21",07/09/2022 12:00:00.000 
12324,"23,988.00","3,741.10",720.80,"4,461.90","24,902.35",07/09/2022 12:00:00.000 
12321,"13,420.95","3,362.70",388.20,"3,750.90","14,140.85",07/09/2022 12:00:00.000 
12319,"8,656.00","1,689.71","1,188.00","2,877.71","10,637.73",07/08/2022 12:00:00.000 
12320,"11,803.00",996.59,188.00,"1,184.59","13,037.89",07/08/2022 12:00:00.000 
12314,"1,844.00",530.95,188.00,718.95,"2,230.38",07/05/2022 12:00:00.000 
12313,"8,156.00","1,315.02","1,936.80","3,251.82","10,698.98",07/05/2022 12:00:00.000 
12315,"14,841.75","2,046.03",188.00,"2,234.03","15,465.61",07/05/2022 12:00:00.000 
12312,988.00,278.74,188.00,466.74,"1,263.22",07/02/2022 12:00:00.000 
12305,"4,239.00","1,239.00",188.00,"1,427.00","4,427.00",07/02/2022 12:00:00.000 
12302,988.00,28.05,188.00,216.05,"1,263.22",07/02/2022 12:00:00.000 
12308,"8,656.00","1,814.99",808.00,"2,622.99","10,398.33",07/02/2022 12:00:00.000 
12309,"12,337.00","2,020.00",706.10,"2,726.10","13,210.32",07/02/2022 12:00:00.000 
12310,"8,212.00","1,332.45","1,931.60","3,264.05","10,743.52",07/02/2022 12:00:00.000 
12274,"7,537.00","1,117.00","2,239.40","3,356.40","9,972.11",07/02/2022 12:00:00.000 
12306,"11,255.00",509.50,188.00,697.50,"11,889.40",07/02/2022 12:00:00.000 
12307,"1,298.00",455.00,188.00,643.00,"1,612.61",07/02/2022 12:00:00.000 
12311,"1,290.00",157.55,188.00,345.55,"1,555.89",07/02/2022 12:00:00.000 
12299,"41,000.00","-2,900.00",0.00,"-2,900.00","41,000.00",07/02/2022 12:00:00.000 
12303,"22,826.00","2,767.85","2,488.36","5,256.21","26,142.09",07/02/2022 12:00:00.000 
12298,"3,199.00","1,625.05",245.84,"1,870.89","3,510.47",07/01/2022 12:00:00.000 
12301,"14,811.00",285.20,"1,876.20","2,161.40","18,086.19",07/01/2022 12:00:00.000 
12300,"12,068.00","2,210.30",188.00,"2,398.30","12,636.67",07/01/2022 12:00:00.000 
12297,"18,351.00","3,363.00",188.00,"3,551.00","20,143.77",07/01/2022 12:00:00.000 
12296,"9,077.00","1,233.50",349.64,"1,583.14","9,533.69",06/30/2022 12:00:00.000 
12282,"10,857.00","1,739.80",188.00,"1,927.80","11,652.33",06/30/2022 12:00:00.000 
12295,"1,298.00",455.00,188.00,643.00,"1,589.56",06/30/2022 12:00:00.000 
12253,"5,106.00",971.00,366.80,"1,337.80","5,598.25",06/29/2022 12:00:00.000 
12293,"7,706.00",907.00,316.87,"1,223.87","8,591.83",06/29/2022 12:00:00.000 
12292,"3,737.00",777.45,965.88,"1,743.33","5,230.41",06/28/2022 12:00:00.000 
12140,"8,656.00","1,978.34","1,215.00","3,193.34","11,092.76",06/28/2022 12:00:00.000 
12288,"8,656.00","1,691.52",545.60,"2,237.12","9,125.73",06/25/2022 12:00:00.000 
12287,"12,926.00","3,352.75",188.00,"3,540.75","13,114.00",06/25/2022 12:00:00.000 
12290,"1,963.00",308.45,188.00,496.45,"2,238.63",06/25/2022 12:00:00.000 
12289,"7,287.00","1,547.42","1,787.40","3,334.82","9,881.81",06/25/2022 12:00:00.000 
12285,"4,028.00",498.55,188.00,686.55,"4,216.00",06/24/2022 12:00:00.000 
12286,"8,837.00","1,193.10",547.40,"1,740.50","9,286.73",06/24/2022 12:00:00.000 
12283,"7,656.00",978.34,709.00,"1,687.34","9,501.56",06/24/2022 12:00:00.000 
12277,"3,211.00",-440.45,188.00,-252.45,"3,497.57",06/22/2022 12:00:00.000 
12278,"4,046.00",337.05,188.00,525.05,"4,380.06",06/22/2022 12:00:00.000 
12280,"2,799.00",288.40,188.00,476.40,"3,241.49",06/22/2022 12:00:00.000 
12279,"4,187.00",740.50,188.00,928.50,"4,605.57",06/22/2022 12:00:00.000 
12276,"3,216.00","1,110.60",188.00,"1,298.60","3,529.59",06/21/2022 12:00:00.000 
12275,"8,999.00","1,654.52","1,511.00","3,165.52","11,057.54",06/18/2022 12:00:00.000 
12272,"15,412.00","2,678.92","3,356.80","6,035.72","20,509.12",06/17/2022 12:00:00.000 
12271,"11,243.99","1,423.30",603.80,"2,027.10","12,017.41",06/17/2022 12:00:00.000 
12273,"4,899.00",985.40,503.60,"1,489.00","5,507.69",06/17/2022 12:00:00.000 
12529,"19,500.00","1,250.00",0.00,"1,250.00","19,500.00",06/16/2022 12:00:00.000 
12254,"8,968.37","2,972.12",188.00,"3,160.12","9,421.90",06/16/2022 12:00:00.000 
12265,"1,359.00",360.35,188.00,548.35,"1,617.11",06/15/2022 12:00:00.000 
12268,"5,012.00","1,676.20",188.00,"1,864.20","5,499.29",06/15/2022 12:00:00.000 
12266,"1,359.00",456.55,188.00,644.55,"1,617.11",06/15/2022 12:00:00.000 
12262,"5,199.00","1,285.40","1,232.00","2,517.40","6,845.97",06/14/2022 12:00:00.000 
12263,"13,050.40","3,477.15","1,480.00","4,957.15","15,651.31",06/14/2022 12:00:00.000 
12258,"16,037.00","2,760.89","1,228.00","3,988.89","18,075.53",06/11/2022 12:00:00.000 
12260,"1,434.00",549.35,188.00,737.35,"1,622.00",06/11/2022 12:00:00.000 
12259,"1,469.00",504.35,188.00,692.35,"1,730.30",06/11/2022 12:00:00.000 
12257,"16,037.00","2,778.85","2,794.24","5,573.09","19,169.63",06/11/2022 12:00:00.000 
12255,"9,763.60","1,634.00",767.60,"2,401.60","10,824.73",06/10/2022 12:00:00.000 
12256,"10,228.00","1,518.95",911.60,"2,430.55","10,964.92",06/10/2022 12:00:00.000 
12228,"9,157.56","1,193.10",188.00,"1,381.10","9,616.58",06/10/2022 12:00:00.000 
12251,"29,799.00","1,368.11","3,781.50","5,149.61","34,092.56",06/09/2022 12:00:00.000 
12227,"12,926.00","3,036.45","1,078.00","4,114.45","15,520.36",06/09/2022 12:00:00.000 
12143,"2,645.00",564.65,188.00,752.65,"3,074.37",06/09/2022 12:00:00.000 
12250,"3,437.00",432.26,357.44,789.70,"3,816.04",06/09/2022 12:00:00.000 
12249,"8,903.00","1,168.15",188.00,"1,356.15","9,354.64",06/08/2022 12:00:00.000 
12247,"12,967.70","3,439.40","2,606.00","6,045.40","17,299.01",06/08/2022 12:00:00.000 
12248,"13,178.99","3,553.52",188.00,"3,741.52","14,071.43",06/08/2022 12:00:00.000 
12158,"3,337.00",672.32,188.00,860.32,"3,627.23",06/07/2022 12:00:00.000 
12244,"10,228.00","1,512.95","1,148.56","2,661.51","12,263.92",06/07/2022 12:00:00.000 
12241,"7,337.00","1,550.99","1,130.00","2,680.99","9,632.32",06/07/2022 12:00:00.000 
12243,"8,126.00","1,945.25",188.00,"2,133.25","8,314.00",06/07/2022 12:00:00.000 
12245,"10,299.00","1,994.57","1,593.00","3,587.57","12,785.99",06/07/2022 12:00:00.000 
12151,"11,257.00","1,815.75","1,751.00","3,566.75","13,492.16",06/04/2022 12:00:00.000 
12240,"11,346.98","1,821.02","1,568.20","3,389.22","13,468.12",06/04/2022 12:00:00.000 
12233,"4,899.00",975.45,"1,543.80","2,519.25","6,778.00",06/04/2022 12:00:00.000 
12239,"4,337.00",953.35,"1,332.60","2,285.95","6,103.47",06/04/2022 12:00:00.000 
12222,"6,278.00","1,158.85","1,160.40","2,319.25","7,846.75",06/04/2022 12:00:00.000 
12231,"7,637.00","1,001.82",188.00,"1,189.82","7,825.00",06/04/2022 12:00:00.000 
12236,"11,807.00","1,228.18","1,003.00","2,231.18","13,927.14",06/03/2022 12:00:00.000 
12242,"7,907.00","1,637.64",188.00,"1,825.64","8,095.00",06/01/2022 12:00:00.000 
12232,"20,504.55","3,397.94","1,164.00","4,561.94","23,283.04",06/01/2022 12:00:00.000 
12220,"8,357.00","1,283.45",188.00,"1,471.45","8,792.81",06/01/2022 12:00:00.000 
12230,"4,337.00",953.35,412.40,"1,365.75","4,763.47",06/01/2022 12:00:00.000 
12229,"7,737.00","1,385.35",188.00,"1,573.35","8,600.21",05/31/2022 12:00:00.000 
12223,"3,839.00",362.77,"1,358.40","1,721.17","5,579.22",05/28/2022 12:00:00.000 
12224,"9,228.00","1,419.55","1,713.20","3,132.75","11,838.56",05/28/2022 12:00:00.000 
12221,"7,907.00","1,637.64","1,852.00","3,489.64","10,245.86",05/28/2022 12:00:00.000 
12225,"16,812.90","1,535.04","2,194.48","3,729.52","19,383.93",05/28/2022 12:00:00.000 
12216,"4,137.00",711.95,188.00,899.95,"4,552.93",05/26/2022 12:00:00.000 
12046,"9,399.00",795.55,188.00,983.55,"10,117.48",05/26/2022 12:00:00.000 
12215,"9,228.00","1,419.55",188.00,"1,607.55","9,714.31",05/26/2022 12:00:00.000 
12191,"2,979.00",654.95,213.25,868.20,"3,284.09",05/26/2022 12:00:00.000 
12217,"1,459.00",499.05,188.00,687.05,"1,694.76",05/26/2022 12:00:00.000 
12125,"17,574.20","1,803.05","1,179.25","2,982.30","19,802.55",05/25/2022 12:00:00.000 
12211,"8,037.00","1,767.64","1,778.85","3,546.49","10,493.71",05/25/2022 12:00:00.000 
12214,"1,399.00",368.10,188.00,556.10,"1,695.88",05/25/2022 12:00:00.000 
12213,"9,610.00","1,424.15",213.25,"1,637.40","10,773.49",05/25/2022 12:00:00.000 
12451,"7,712.00","1,113.43","1,845.60","2,959.03","9,883.08",05/25/2022 12:00:00.000 
12210,"12,926.00","3,352.75",188.00,"3,540.75","13,741.34",05/25/2022 12:00:00.000 
12208,"11,107.00","1,826.47","1,320.00","3,146.47","13,682.81",05/24/2022 12:00:00.000 
12209,"4,037.00",536.30,188.00,724.30,"4,225.00",05/24/2022 12:00:00.000 
12207,"3,649.00",172.75,-250.00,-77.25,"3,688.60",05/24/2022 12:00:00.000 
12206,"1,913.00",297.75,188.00,485.75,"2,280.00",05/23/2022 12:00:00.000 
12204,"1,558.95",450.55,213.25,663.80,"1,864.26",05/21/2022 12:00:00.000 
12205,"1,434.00",606.55,188.00,794.55,"1,669.04",05/21/2022 12:00:00.000 
12188,"12,556.00","2,982.78","1,376.85","4,359.63","14,830.86",05/21/2022 12:00:00.000 
12202,"11,026.00","2,648.72","1,570.25","4,218.97","13,994.69",05/21/2022 12:00:00.000 
12203,"3,437.00",432.31,"1,783.60","2,215.91","5,628.85",05/21/2022 12:00:00.000 
12189,"4,899.00",975.45,"1,373.52","2,348.97","6,835.46",05/20/2022 12:00:00.000 
12197,"4,337.00",645.95,188.00,833.95,"4,910.53",05/20/2022 12:00:00.000 
12199,"12,926.00","-5,932.20","1,402.56","-4,529.64","15,076.77",05/20/2022 12:00:00.000 
12195,"1,459.00",558.55,213.25,771.80,"1,720.01",05/20/2022 12:00:00.000 
12200,"4,899.00",975.45,"1,182.00","2,157.45","6,835.46",05/20/2022 12:00:00.000 
12192,"8,012.00","1,564.95",188.00,"1,752.95","8,632.14",05/18/2022 12:00:00.000 
12190,"7,837.00","1,697.82","1,087.20","2,785.02","9,738.73",05/17/2022 12:00:00.000 
12164,"25,842.40","4,567.55",213.25,"4,780.80","26,055.65",05/14/2022 12:00:00.000 
12181,"8,865.00","1,336.35",213.25,"1,549.60","9,849.57",05/14/2022 12:00:00.000 
12184,"13,836.85","3,069.43","1,673.25","4,742.68","16,779.21",05/14/2022 12:00:00.000 
12144,"4,737.00",714.00,188.00,902.00,"5,067.83",05/14/2022 12:00:00.000 
12172,"11,576.00","2,288.47","1,916.85","4,205.32","13,820.41",05/14/2022 12:00:00.000 
12178,"3,337.00",828.00,188.00,"1,016.00","3,825.33",05/14/2022 12:00:00.000 
12187,"2,483.85",348.45,188.00,536.45,"2,836.32",05/14/2022 12:00:00.000 
12182,"6,762.00","1,213.05","1,038.00","2,251.05","8,341.55",05/14/2022 12:00:00.000 
12186,"12,926.00","3,533.34","1,957.60","5,490.94","15,824.27",05/14/2022 12:00:00.000 
12183,"10,437.00","1,727.95","1,253.25","2,981.20","12,590.19",05/14/2022 12:00:00.000 
12180,"21,893.00","3,594.70","2,508.00","6,102.70","24,211.35",05/13/2022 12:00:00.000 
12170,"13,539.95","3,393.48","1,373.25","4,766.73","15,841.31",05/12/2022 12:00:00.000 
12160,"8,437.00","1,169.00",188.00,"1,357.00","9,079.54",05/12/2022 12:00:00.000 
12179,"6,499.00","-2,334.98",213.25,"-2,121.73","6,906.17",05/12/2022 12:00:00.000 
12171,"12,926.00","3,439.40","1,837.60","5,277.00","15,315.45",05/10/2022 12:00:00.000 
12175,"7,811.00","-7,813.06",188.00,"-7,625.06","8,230.97",05/10/2022 12:00:00.000 
12176,"2,759.00",544.10,188.00,732.10,"3,198.08",05/10/2022 12:00:00.000 
12174,"13,500.00","1,982.26",188.00,"2,170.26","14,409.36",05/10/2022 12:00:00.000 
12185,"2,127.50",416.00,213.25,629.25,"2,538.03",05/10/2022 12:00:00.000 
12097,"12,584.00","3,181.09",213.25,"3,394.34","13,885.43",05/10/2022 12:00:00.000 
12167,"7,612.00","1,562.95","1,506.20","3,069.15","9,511.06",05/07/2022 12:00:00.000 
12168,"10,162.00","1,720.00","1,470.60","3,190.60","12,195.45",05/07/2022 12:00:00.000 
12173,"13,420.95","3,383.20","1,716.45","5,099.65","15,718.86",05/07/2022 12:00:00.000 
12161,"4,293.00","1,051.40",376.00,"1,427.40","4,804.40",05/06/2022 12:00:00.000 
12165,"2,999.00",847.25,188.00,"1,035.25","3,279.42",05/06/2022 12:00:00.000 
12162,"3,158.00","1,468.17",426.50,"1,894.67","3,686.98",05/06/2022 12:00:00.000 
12163,"10,731.45",200.00,188.00,388.00,"11,862.90",05/06/2022 12:00:00.000 
12166,"11,314.45","1,160.05",213.25,"1,373.30","12,507.71",05/06/2022 12:00:00.000 
12155,"2,576.00",656.10,426.50,"1,082.60","3,088.10",05/05/2022 12:00:00.000 
12157,"6,984.00","1,446.95",188.00,"1,634.95","7,783.06",05/05/2022 12:00:00.000 
12156,"8,357.00","1,350.00",188.00,"1,538.00","8,792.81",05/04/2022 12:00:00.000 
12153,"4,249.00",540.05,213.25,753.30,"4,696.08",05/03/2022 12:00:00.000 
12106,"1,500.00",300.00,188.00,488.00,"1,736.95",05/03/2022 12:00:00.000 
12154,"12,556.00","3,069.43","1,373.25","4,442.68","14,828.83",05/03/2022 12:00:00.000 
12134,"22,228.00","3,509.28",752.00,"4,261.28","22,980.00",05/03/2022 12:00:00.000 
12138,"3,121.00",487.05,188.00,675.05,"3,402.00",04/30/2022 12:00:00.000 
12103,"13,719.45","1,135.45",213.25,"1,348.70","14,336.02",04/30/2022 12:00:00.000 
12104,"12,284.86","10,272.53",903.00,"11,175.53","14,130.18",04/30/2022 12:00:00.000 
12150,"12,693.96","3,051.48","1,698.00","4,749.48","14,871.96",04/30/2022 12:00:00.000 
12133,"9,499.00","1,386.75","1,638.05","3,024.80","11,393.17",04/30/2022 12:00:00.000 
12149,"3,245.00","1,184.10",426.50,"1,610.60","3,980.00",04/30/2022 12:00:00.000 
12246,"27,224.01","4,072.90",188.00,"4,260.90","27,412.01",04/30/2022 12:00:00.000 
12146,"7,914.00","1,442.28",213.25,"1,655.53","8,554.23",04/29/2022 12:00:00.000 
12147,"9,178.00","1,668.95",657.00,"2,325.95","10,336.61",04/29/2022 12:00:00.000 
12145,"17,787.00","2,351.62",188.00,"2,539.62","18,496.28",04/29/2022 12:00:00.000 
12135,"2,167.32",90.00,188.00,278.00,"2,479.44",04/29/2022 12:00:00.000 
12139,"32,614.45",-635.21,376.00,-259.21,"35,801.24",04/28/2022 12:00:00.000 
12538,0.00,-5.97,0.00,-5.97,0.00,04/27/2022 12:00:00.000 
12136,"7,105.98",575.28,213.25,788.53,"7,922.45",04/27/2022 12:00:00.000 
12132,"11,012.00","2,100.00","1,019.60","3,119.60","12,154.24",04/27/2022 12:00:00.000 
12131,"11,918.00","1,394.00",213.25,"1,607.25","12,482.32",04/26/2022 12:00:00.000 
12127,"12,712.69","2,682.12",973.25,"3,655.37","14,590.06",04/23/2022 12:00:00.000 
12126,"7,937.00","1,927.98",213.25,"2,141.23","8,842.50",04/23/2022 12:00:00.000 
12129,"15,168.00","2,806.56","2,907.54","5,714.10","18,825.28",04/23/2022 12:00:00.000 
12128,"10,868.00","2,395.00",188.00,"2,583.00","11,409.93",04/23/2022 12:00:00.000 
12113,"3,849.00",673.50,998.45,"1,671.95","5,028.32",04/23/2022 12:00:00.000 
12123,"4,677.50",443.86,436.40,880.26,"5,045.52",04/23/2022 12:00:00.000 
12120,"10,562.00","1,847.00",618.25,"2,465.25","11,787.00",04/23/2022 12:00:00.000 
12124,"1,229.00",386.24,213.25,599.49,"1,516.92",04/22/2022 12:00:00.000 
12122,"11,299.00","1,843.02",188.00,"2,031.02","11,845.37",04/21/2022 12:00:00.000 
12121,"23,000.00","2,300.00",877.00,"3,177.00","25,410.01",04/20/2022 12:00:00.000 
12119,"13,169.95","3,068.43",213.25,"3,281.68","14,087.16",04/20/2022 12:00:00.000 
12118,"6,108.00",580.44,376.00,956.44,"7,036.46",04/19/2022 12:00:00.000 
12101,"7,549.00","1,280.00","1,048.25","2,328.25","9,136.62",04/16/2022 12:00:00.000 
12096,"14,999.00","4,328.17","1,068.85","5,397.02","16,012.60",04/16/2022 12:00:00.000 
12117,"12,190.74","1,417.24",188.00,"1,605.24","12,378.74",04/16/2022 12:00:00.000 
12100,"8,056.00",894.87,188.00,"1,082.87","8,483.08",04/16/2022 12:00:00.000 
12114,"5,500.00",550.00,213.25,763.25,"6,183.65",04/16/2022 12:00:00.000 
12116,"3,961.00",484.00,213.25,697.25,"4,290.98",04/16/2022 12:00:00.000 
12115,"8,484.00","1,816.33","1,722.25","3,538.58","10,538.74",04/16/2022 12:00:00.000 
12007,"6,188.99",914.00,188.00,"1,102.00","6,561.92",04/15/2022 12:00:00.000 
12112,"3,864.00","1,442.84",639.75,"2,082.59","4,632.15",04/15/2022 12:00:00.000 
12110,"1,609.00",548.55,213.25,761.80,"1,916.95",04/15/2022 12:00:00.000 
12108,"11,611.84","2,194.49",290.05,"2,484.54","12,446.95",04/15/2022 12:00:00.000 
12111,"10,399.00","1,233.15",944.25,"2,177.40","12,514.26",04/15/2022 12:00:00.000 
12105,"2,127.00",368.00,188.00,556.00,"2,315.00",04/14/2022 12:00:00.000 
12102,"7,584.00","1,403.28","1,208.00","2,611.28","9,272.00",04/14/2022 12:00:00.000 
12107,"10,784.00","2,029.00","1,049.25","3,078.25","13,032.07",04/14/2022 12:00:00.000 
12073,"12,830.46","2,919.99","1,913.45","4,833.44","15,319.79",04/13/2022 12:00:00.000 
11993,"10,329.00",972.50,188.00,"1,160.50","10,517.00",04/12/2022 12:00:00.000 
12098,"3,094.00",832.50,188.00,"1,020.50","3,282.00",04/12/2022 12:00:00.000 
12095,"3,727.00",551.50,213.25,764.75,"4,146.58",04/12/2022 12:00:00.000 
12086,"12,556.00","3,069.43","1,173.25","4,242.68","14,930.86",04/09/2022 12:00:00.000 
12074,"10,637.00","1,964.00",803.05,"2,767.05","11,164.18",04/09/2022 12:00:00.000 
12089,"7,509.00","1,240.00",188.00,"1,428.00","7,697.00",04/09/2022 12:00:00.000 
12079,"1,272.50",452.55,213.25,665.80,"1,527.23",04/09/2022 12:00:00.000 
12094,"12,755.99","3,069.43","1,723.25","4,792.68","16,062.07",04/09/2022 12:00:00.000 
12093,"10,749.00","2,195.72",702.25,"2,897.97","12,437.63",04/09/2022 12:00:00.000 
12091,"3,999.00","1,499.00",411.20,"1,910.20","4,543.73",04/08/2022 12:00:00.000 
12092,"4,856.00",892.50,188.00,"1,080.50","5,473.75",04/08/2022 12:00:00.000 
12083,"2,828.00",275.50,213.25,488.75,"3,200.19",04/08/2022 12:00:00.000 
12072,"22,134.00","5,757.99","2,893.53","8,651.52","25,816.50",04/08/2022 12:00:00.000 
12090,"1,347.50",562.24,188.00,750.24,"1,535.50",04/08/2022 12:00:00.000 
12017,"6,479.00",662.00,213.25,875.25,"7,043.60",04/07/2022 12:00:00.000 
12085,0.00,0.00,"1,574.00","1,574.00","1,950.00",04/07/2022 12:00:00.000 
12048,"6,499.00","2,076.83",188.00,"2,264.83","6,687.00",04/07/2022 12:00:00.000 
12088,"4,049.00",690.00,188.00,878.00,"4,359.87",04/07/2022 12:00:00.000 
11943,"9,540.67",271.32,188.00,459.32,"9,728.67",04/07/2022 12:00:00.000 
12081,"4,273.00",848.00,188.00,"1,036.00","4,688.93",04/06/2022 12:00:00.000 
12080,"5,037.00",774.00,188.00,962.00,"5,670.17",04/06/2022 12:00:00.000 
12082,"14,124.00","1,762.56",376.00,"2,138.56","14,500.00",04/06/2022 12:00:00.000 
12076,"1,209.00",292.55,188.00,480.55,"1,470.62",04/06/2022 12:00:00.000 
12078,"7,837.00","1,390.00",763.00,"2,153.00","9,247.92",04/05/2022 12:00:00.000 
12005,"6,134.00",939.00,188.00,"1,127.00","6,655.17",04/05/2022 12:00:00.000 
12077,"22,999.00","2,971.16","3,269.65","6,240.81","26,404.67",04/05/2022 12:00:00.000 
12055,"4,127.50",620.00,213.25,833.25,"4,465.90",04/02/2022 12:00:00.000 
12075,"9,612.00",540.00,188.00,728.00,"10,636.46",04/02/2022 12:00:00.000 
12025,"26,599.00","2,395.45","3,074.77","5,470.22","29,789.07",04/02/2022 12:00:00.000 
12064,"2,249.00","1,026.87",188.00,"1,214.87","2,507.67",04/01/2022 12:00:00.000 
12069,"10,477.45","1,604.45",749.25,"2,353.70","11,800.00",04/01/2022 12:00:00.000 
12068,"24,499.00","3,618.70","3,211.09","6,829.79","28,805.58",04/01/2022 12:00:00.000 
12071,"3,197.50",755.70,213.25,968.95,"3,699.20",04/01/2022 12:00:00.000 
11941,"13,196.20",214.81,"1,266.25","1,481.06","15,287.59",04/01/2022 12:00:00.000 
12070,"11,029.00","1,031.42",188.00,"1,219.42","11,542.29",04/01/2022 12:00:00.000 
12066,"5,500.00",0.00,0.00,0.00,"5,500.00",03/31/2022 12:00:00.000 
12067,"14,974.78","2,771.26","1,283.25","4,054.51","17,996.61",03/31/2022 12:00:00.000 
12053,"5,084.00",858.90,188.00,"1,046.90","5,501.25",03/31/2022 12:00:00.000 
12060,"27,349.00","2,897.65",188.00,"3,085.65","27,537.00",03/31/2022 12:00:00.000 
12061,"7,124.00","1,190.74","1,393.25","2,583.99","9,312.59",03/31/2022 12:00:00.000 
12057,"9,776.00","1,703.00","1,388.25","3,091.25","12,004.36",03/31/2022 12:00:00.000 
12062,"5,200.00",520.00,188.00,708.00,"5,544.25",03/30/2022 12:00:00.000 
12063,"10,437.00","1,728.00",881.65,"2,609.65","11,210.19",03/30/2022 12:00:00.000 
11934,"8,205.00","1,212.52",426.50,"1,639.02","9,083.72",03/29/2022 12:00:00.000 
12056,"1,000.00","1,000.00",213.25,"1,213.25","1,247.70",03/26/2022 12:00:00.000 
12058,"3,947.00",771.50,188.00,959.50,"4,345.11",03/26/2022 12:00:00.000 
12052,"3,852.00",647.30,259.53,906.83,"4,278.16",03/26/2022 12:00:00.000 
12040,"8,056.00","1,927.98","1,323.25","3,251.23","10,306.04",03/26/2022 12:00:00.000 
12047,"12,411.00","2,152.46",188.00,"2,340.46","13,199.73",03/26/2022 12:00:00.000 
12050,"1,689.00",640.55,292.33,932.88,"2,001.16",03/26/2022 12:00:00.000 
12051,"1,689.00",640.55,213.25,853.80,"2,001.16",03/26/2022 12:00:00.000 
12054,"6,282.00",950.00,"1,762.44","2,712.44","8,823.26",03/26/2022 12:00:00.000 
12036,"25,233.15","3,798.20","1,827.25","5,625.45","28,173.61",03/26/2022 12:00:00.000 
12032,"4,246.50",679.50,213.25,892.75,"4,588.35",03/25/2022 12:00:00.000 
12033,"32,599.00","2,526.98","1,962.00","4,488.98","34,987.00",03/25/2022 12:00:00.000 
12029,"14,263.85","3,069.43",213.25,"3,282.68","15,672.27",03/25/2022 12:00:00.000 
11988,"23,637.87","2,264.51","3,513.89","5,778.40","27,006.75",03/24/2022 12:00:00.000 
12045,"10,946.75","1,976.00","1,532.85","3,508.85","12,381.91",03/24/2022 12:00:00.000 
12026,"5,958.00",853.00,376.00,"1,229.00","6,334.00",03/24/2022 12:00:00.000 
11986,"24,435.00","3,270.29",564.00,"3,834.29","24,999.00",03/24/2022 12:00:00.000 
12044,"4,084.00",777.13,780.80,"1,557.93","4,996.14",03/24/2022 12:00:00.000 
12043,"10,976.00","1,919.00",885.25,"2,804.25","11,513.01",03/23/2022 12:00:00.000 
12015,"12,556.00","3,069.43",213.25,"3,282.68","13,855.04",03/23/2022 12:00:00.000 
11966,"17,277.00","2,676.22",614.50,"3,290.72","18,831.70",03/22/2022 12:00:00.000 
12028,"32,600.00",935.00,"1,484.25","2,419.25","36,741.18",03/22/2022 12:00:00.000 
12035,"10,837.00","2,000.00",188.00,"2,188.00","11,964.33",03/22/2022 12:00:00.000 
12038,"5,500.00",100.00,188.00,288.00,"5,987.76",03/22/2022 12:00:00.000 
12042,"3,999.00",740.00,188.00,928.00,"4,407.65",03/22/2022 12:00:00.000 
12037,"8,016.96",93.06,"1,108.15","1,201.21","9,863.67",03/22/2022 12:00:00.000 
12039,"1,149.00",345.55,213.25,558.80,"1,432.71",03/22/2022 12:00:00.000 
12031,"25,799.00","1,431.41","3,282.85","4,714.26","28,765.87",03/19/2022 12:00:00.000 
12034,"15,855.00","3,990.43","2,887.57","6,878.00","19,588.55",03/19/2022 12:00:00.000 
12030,"10,304.00","1,939.00","1,538.20","3,477.20","12,157.24",03/19/2022 12:00:00.000 
12027,"12,957.36","3,024.84","2,269.85","5,294.69","15,541.83",03/18/2022 12:00:00.000 
12021,"4,677.00",438.54,"1,386.40","1,824.94","6,379.50",03/18/2022 12:00:00.000 
12020,"11,264.20","1,917.52","1,664.16","3,581.68","14,019.36",03/17/2022 12:00:00.000 
12018,"5,834.00",850.00,451.52,"1,301.52","6,520.02",03/17/2022 12:00:00.000 
12023,"4,664.44",703.14,188.00,891.14,"4,852.44",03/17/2022 12:00:00.000 
11991,"8,927.00","1,091.00",564.00,"1,655.00","9,491.00",03/17/2022 12:00:00.000 
12024,"3,423.98",484.47,188.00,672.47,"3,919.72",03/17/2022 12:00:00.000 
12022,"30,000.00",750.00,213.25,963.25,"31,804.16",03/16/2022 12:00:00.000 
11949,"14,927.90","2,545.00","1,673.25","4,218.25","17,569.51",03/15/2022 12:00:00.000 
12019,"8,350.00","2,340.98",213.25,"2,554.23","8,810.85",03/15/2022 12:00:00.000 
12010,"1,944.00",919.55,213.25,"1,132.80","2,269.61",03/12/2022 12:00:00.000 
11945,"1,423.49",243.86,15.00,258.86,"1,561.05",03/12/2022 12:00:00.000 
12011,"8,225.99","1,797.98","1,233.25","3,031.23","10,382.66",03/12/2022 12:00:00.000 
12013,"1,249.00",423.55,213.25,636.80,"1,537.98",03/12/2022 12:00:00.000 
12009,"3,349.00",635.97,188.00,823.97,"3,838.35",03/12/2022 12:00:00.000 
12008,"11,532.60","1,451.68",213.25,"1,664.93","12,085.75",03/12/2022 12:00:00.000 
12012,"29,999.00","4,371.18","3,493.49","7,864.67","33,287.67",03/12/2022 12:00:00.000 
12014,"12,556.00","2,733.43","1,198.00","3,931.43","14,234.00",03/12/2022 12:00:00.000 
12016,"21,376.95","5,197.41","4,118.10","9,315.51","26,558.31",03/12/2022 12:00:00.000 
11989,"12,718.95","3,049.44","1,183.25","4,232.69","15,062.40",03/11/2022 12:00:00.000 
12004,"2,977.00",365.00,213.25,578.25,"3,357.05",03/10/2022 12:00:00.000 
12002,"8,937.00","1,617.50","1,408.45","3,025.95","11,027.70",03/10/2022 12:00:00.000 
12000,"11,582.98","1,271.80",703.45,"1,975.25","12,267.07",03/09/2022 12:00:00.000 
12003,"15,766.00","2,762.60","3,162.50","5,925.10","19,643.18",03/09/2022 12:00:00.000 
12001,"2,799.00",799.00,687.16,"1,486.16","3,744.41",03/09/2022 12:00:00.000 
11998,"2,127.50",439.50,213.25,652.75,"2,407.90",03/08/2022 12:00:00.000 
11996,"13,343.74","1,270.61","1,235.59","2,506.20","14,693.66",03/05/2022 12:00:00.000 
11995,"2,977.50",425.00,213.25,638.25,"3,357.57",03/05/2022 12:00:00.000 
12006,"2,977.50",365.50,335.29,700.79,"3,357.57",03/05/2022 12:00:00.000 
11994,"1,200.00",100.00,213.25,313.25,"1,453.50",03/05/2022 12:00:00.000 
11992,"5,014.89",654.00,376.00,"1,030.00","5,666.78",03/05/2022 12:00:00.000 
11997,"22,648.95","4,349.25","2,205.25","6,554.50","25,983.70",03/04/2022 12:00:00.000 
11990,"3,009.00",456.50,213.25,669.75,"3,430.05",03/04/2022 12:00:00.000 
11987,"19,796.50",-285.00,0.00,-285.00,"19,796.50",03/04/2022 12:00:00.000 
11984,"14,099.00","3,044.50","1,733.25","4,777.75","17,065.17",03/03/2022 12:00:00.000 
11985,"5,139.00",973.40,188.00,"1,161.40","5,602.14",03/02/2022 12:00:00.000 
11978,"12,999.00","1,910.75",188.00,"2,098.75","13,569.42",03/01/2022 12:00:00.000 
11944,"23,499.00","2,870.54","2,952.25","5,822.79","27,206.38",03/01/2022 12:00:00.000 
11982,"4,677.00",654.00,188.00,842.00,"5,121.39",03/01/2022 12:00:00.000 
11981,"11,599.00","1,086.61",213.25,"1,299.86","12,433.42",03/01/2022 12:00:00.000 
11980,"2,999.00",387.00,213.25,600.25,"3,419.40",02/26/2022 12:00:00.000 
11979,"4,103.90",658.50,213.25,871.75,"4,543.34",02/26/2022 12:00:00.000 
11983,"12,909.26","2,147.50",188.00,"2,335.50","13,097.26",02/25/2022 12:00:00.000 
11975,"3,844.90",771.00,188.00,959.00,"4,032.90",02/24/2022 12:00:00.000 
11976,"16,145.00","1,154.07","1,904.25","3,058.32","19,036.91",02/24/2022 12:00:00.000 
11974,"5,600.00",709.84,60.00,769.84,"6,142.28",02/23/2022 12:00:00.000 
11973,"10,500.00","-3,440.31",0.00,"-3,440.31","10,500.00",02/22/2022 12:00:00.000 
11967,"7,449.00","1,380.00",188.00,"1,568.00","8,095.22",02/19/2022 12:00:00.000 
11972,"7,999.00","1,465.10",213.25,"1,678.35","8,889.31",02/19/2022 12:00:00.000 
11970,"13,001.95","2,942.44","1,223.25","4,165.69","15,796.01",02/19/2022 12:00:00.000 
11971,"5,999.00","2,999.00",213.25,"3,212.25","6,723.91",02/19/2022 12:00:00.000 
11968,"31,634.93","4,095.91",188.00,"4,283.91","33,499.99",02/19/2022 12:00:00.000 
11969,"4,755.60",567.46,213.25,780.71,"5,229.37",02/19/2022 12:00:00.000 
11958,"3,118.07","1,086.96",15.00,"1,101.96","3,400.00",02/18/2022 12:00:00.000 
11965,"27,999.00","4,322.20",213.25,"4,535.45","28,212.25",02/17/2022 12:00:00.000 
11962,"10,307.45","1,541.00",213.25,"1,754.25","11,073.81",02/17/2022 12:00:00.000 
11964,"9,307.00","1,720.00",188.00,"1,908.00","9,495.00",02/17/2022 12:00:00.000 
11961,"4,799.00",-49.84,213.25,163.41,"5,275.06",02/15/2022 12:00:00.000 
11960,"1,467.85",554.00,213.25,767.25,"1,822.19",02/12/2022 12:00:00.000 
11950,"11,533.00","2,106.61","1,123.25","3,229.86","13,753.95",02/12/2022 12:00:00.000 
11959,"2,904.05",417.44,188.00,605.44,"3,255.00",02/12/2022 12:00:00.000 
11957,"10,524.08","1,670.87",213.25,"1,884.12","11,047.98",02/10/2022 12:00:00.000 
11954,"6,884.00","1,356.56","1,073.25","2,429.81","8,659.95",02/10/2022 12:00:00.000 
11956,"13,559.00",849.24,338.00,"1,187.24","14,883.87",02/10/2022 12:00:00.000 
11953,"8,049.00","1,950.31","1,088.25","3,038.56","9,996.34",02/09/2022 12:00:00.000 
11952,"4,127.50",595.73,213.25,808.98,"4,568.18",02/09/2022 12:00:00.000 
11946,"21,077.89","2,120.92",213.25,"2,334.17","21,907.85",02/08/2022 12:00:00.000 
11926,"19,878.00","3,430.51",426.50,"3,857.01","20,891.86",02/05/2022 12:00:00.000 
11930,"8,746.00","1,042.43",213.25,"1,255.68","9,218.34",02/04/2022 12:00:00.000 
11931,"13,995.20","1,955.00",188.00,"2,143.00","14,183.20",02/04/2022 12:00:00.000 
11929,"4,377.50",603.50,188.00,791.50,"4,943.07",02/04/2022 12:00:00.000 
11947,"6,949.00","1,339.70","1,183.25","2,522.95","8,838.37",02/04/2022 12:00:00.000 
11942,"10,884.00","1,910.81","1,268.25","3,179.06","12,708.34",02/02/2022 12:00:00.000 
11940,"12,181.15","1,682.46",213.25,"1,895.71","13,046.26",02/01/2022 12:00:00.000 
11935,"10,745.32","1,525.34",213.25,"1,738.59","11,534.76",02/01/2022 12:00:00.000 
11937,"11,951.40","1,728.00",213.25,"1,941.25","12,804.40",01/29/2022 12:00:00.000 
11938,"6,956.00","1,156.75",213.25,"1,370.00","7,376.43",01/29/2022 12:00:00.000 
11923,"24,499.00","3,261.13","1,234.25","4,495.38","28,703.86",01/29/2022 12:00:00.000 
11936,"3,413.93",625.49,188.00,813.49,"3,908.82",01/29/2022 12:00:00.000 
11927,"29,288.00","1,904.72","1,762.00","3,666.72","32,605.04",01/28/2022 12:00:00.000 
11933,"11,322.97","2,102.44","1,478.25","3,580.69","13,560.04",01/28/2022 12:00:00.000 
11932,"12,584.00","3,097.43","2,749.25","5,846.68","17,625.43",01/28/2022 12:00:00.000 
11905,"4,838.98",930.53,188.00,"1,118.53","5,026.98",01/26/2022 12:00:00.000 
11928,"13,321.00","1,450.57",188.00,"1,638.57","13,509.00",01/25/2022 12:00:00.000 
11915,"5,229.00",855.50,213.25,"1,068.75","5,599.34",01/25/2022 12:00:00.000 
11101,"4,496.50",768.03,188.00,956.03,"4,820.35",01/22/2022 12:00:00.000 
11919,"3,984.00",725.00,188.00,913.00,"4,464.46",01/22/2022 12:00:00.000 
11951,"8,402.27",0.00,213.25,213.25,"8,615.52",01/22/2022 12:00:00.000 
11925,"7,546.00",405.00,213.25,618.25,"8,166.84",01/22/2022 12:00:00.000 
11924,"16,785.00","2,812.09",218.25,"3,030.34","17,665.20",01/22/2022 12:00:00.000 
11921,"4,784.00",861.00,188.00,"1,049.00","5,320.54",01/22/2022 12:00:00.000 
11910,"3,100.00",500.00,188.00,688.00,"3,461.28",01/21/2022 12:00:00.000 
11918,"12,429.00","1,800.05",213.25,"2,013.30","13,307.16",01/21/2022 12:00:00.000 
11917,"4,749.00",416.00,213.25,629.25,"5,222.43",01/20/2022 12:00:00.000 
11916,0.00,0.00,965.00,965.00,"1,390.00",01/20/2022 12:00:00.000 
11908,"23,611.85","3,334.62",213.25,"3,547.87","25,079.36",01/19/2022 12:00:00.000 
11911,"7,499.00","3,709.83",213.25,"3,923.08","8,367.18",01/19/2022 12:00:00.000 
11914,"15,299.00",296.45,218.25,514.70,"15,966.37",01/19/2022 12:00:00.000 
11913,"18,846.00",-210.00,0.00,-210.00,"18,846.00",01/18/2022 12:00:00.000 
11907,"15,174.00","2,506.97",188.00,"2,694.97","16,475.75",01/15/2022 12:00:00.000 
11922,"2,659.00",456.00,213.25,669.25,"3,107.69",01/15/2022 12:00:00.000 
11909,"5,679.00","1,674.48",188.00,"1,862.48","6,166.70",01/15/2022 12:00:00.000 
11906,"7,009.00","1,306.81",213.25,"1,520.06","7,646.87",01/13/2022 12:00:00.000 
11904,"14,998.00","2,452.52","2,556.50","5,009.02","19,214.70",01/11/2022 12:00:00.000 
11903,"12,556.00","3,209.32","1,423.25","4,632.57","14,828.83",01/08/2022 12:00:00.000 
11439,"9,195.00",290.16,218.25,508.41,"10,189.23",01/08/2022 12:00:00.000 
11900,"16,362.67","2,836.41",213.25,"3,049.66","17,448.14",01/08/2022 12:00:00.000 
11902,"1,575.53",636.06,188.00,824.06,"1,763.53",01/08/2022 12:00:00.000 
11901,"9,403.43","1,900.31","1,088.25","2,988.56","11,194.83",01/08/2022 12:00:00.000 
11755,"8,741.00",560.00,313.00,873.00,"9,399.56",01/07/2022 12:00:00.000 
11897,"22,625.26","2,844.09","1,327.25","4,171.34","25,530.77",01/07/2022 12:00:00.000 
11884,"5,699.00","1,699.00",188.00,"1,887.00","6,373.85",01/07/2022 12:00:00.000 
11899,"29,499.00",313.30,436.50,749.80,"31,509.91",01/05/2022 12:00:00.000 
11898,"2,799.00",466.91,188.00,654.91,"3,241.49",01/05/2022 12:00:00.000 
11885,"4,134.00",615.83,213.25,829.08,"4,575.02",01/04/2022 12:00:00.000 
11880,"13,447.95","2,685.93","1,423.25","4,109.18","16,069.81",01/04/2022 12:00:00.000 
12531,700.00,0.00,0.00,0.00,700.00,12/31/2021 12:00:00.000 
11896,"15,272.45","3,840.34","1,423.25","5,263.59","18,492.92",12/30/2021 12:00:00.000 
11894,"12,584.00","3,237.32",213.25,"3,450.57","13,470.34",12/29/2021 12:00:00.000 
11895,"1,699.00",476.46,15.00,491.46,"1,860.04",12/29/2021 12:00:00.000 
11893,"7,508.30","1,239.25",188.00,"1,427.25","8,352.03",12/29/2021 12:00:00.000 
11892,"23,567.95","2,665.14","1,712.00","4,377.14","25,655.95",12/28/2021 12:00:00.000 
11890,"17,080.00","2,273.07","2,164.25","4,437.32","20,259.02",12/23/2021 12:00:00.000 
11889,"1,359.00",484.60,213.25,697.85,"1,653.77",12/23/2021 12:00:00.000 
11888,"4,029.00",510.83,213.25,724.08,"4,464.48",12/23/2021 12:00:00.000 
11887,"26,599.00","1,931.90","1,702.00","3,633.90","30,485.13",12/22/2021 12:00:00.000 
11883,"6,827.50",665.61,376.00,"1,041.61","7,203.50",12/21/2021 12:00:00.000 
11886,"1,049.00",191.58,213.25,404.83,"1,298.12",12/21/2021 12:00:00.000 
11881,"12,694.95","2,762.43","1,223.25","3,985.68","15,077.14",12/18/2021 12:00:00.000 
11878,"16,516.08","2,136.22",218.25,"2,354.47","17,218.75",12/18/2021 12:00:00.000 
11882,"1,399.00",671.73,213.25,884.98,"1,658.27",12/18/2021 12:00:00.000 
11768,"17,926.95","3,594.87",188.00,"3,782.87","18,114.95",12/17/2021 12:00:00.000 
11879,"4,399.00",586.21,213.25,799.46,"5,003.06",12/17/2021 12:00:00.000 
11874,"6,234.00",990.00,213.25,"1,203.25","6,978.35",12/16/2021 12:00:00.000 
11876,"1,318.00",339.06,15.00,354.06,"1,446.57",12/16/2021 12:00:00.000 
11875,"5,934.00",939.00,213.25,"1,152.25","6,469.88",12/16/2021 12:00:00.000 
11891,"4,000.00","-2,604.83",188.00,"-2,416.83","4,188.00",12/16/2021 12:00:00.000 
11872,"3,179.00",505.50,188.00,693.50,"3,367.00",12/14/2021 12:00:00.000 
11871,"9,499.00",909.00,213.25,"1,122.25","9,993.17",12/14/2021 12:00:00.000 
11873,"20,270.90","3,294.00",188.00,"3,482.00","20,458.90",12/14/2021 12:00:00.000 
11868,"25,999.00","1,438.75","1,619.25","3,058.00","29,745.41",12/11/2021 12:00:00.000 
11863,"12,673.63",499.47,213.25,712.72,"13,982.69",12/11/2021 12:00:00.000 
11867,"3,748.50",805.61,213.25,"1,018.86","4,162.83",12/11/2021 12:00:00.000 
11856,"11,039.80","1,316.79","1,448.25","2,765.04","13,078.66",12/11/2021 12:00:00.000 
11869,"15,135.94","1,050.00","1,266.25","2,316.25","17,436.82",12/11/2021 12:00:00.000 
11866,"3,246.49",853.50,188.00,"1,041.50","3,434.49",12/11/2021 12:00:00.000 
11870,"11,949.00","1,227.29",213.25,"1,440.54","12,801.87",12/11/2021 12:00:00.000 
11865,"5,127.50",729.52,188.00,917.52,"5,315.50",12/10/2021 12:00:00.000 
11857,"18,151.00","2,808.04",188.00,"2,996.04","19,305.46",12/10/2021 12:00:00.000 
11864,"31,424.40","3,529.89","1,827.25","5,357.14","34,424.08",12/10/2021 12:00:00.000 
11823,"9,184.00","1,625.00",188.00,"1,813.00","9,372.00",12/10/2021 12:00:00.000 
11862,"8,751.00",-238.00,0.00,-238.00,"8,751.00",12/09/2021 02:39:00.000 
11859,"1,979.00",309.37,188.00,497.37,"2,167.00",12/09/2021 12:00:00.000 
11861,"38,290.49","3,252.15",376.00,"3,628.15","38,666.49",12/08/2021 12:00:00.000 
11752,"6,889.00","1,023.00",658.25,"1,681.25","8,367.51",12/08/2021 12:00:00.000 
11858,"9,599.00",439.64,188.00,627.64,"9,787.00",12/07/2021 12:00:00.000 
11855,"3,338.94",722.00,188.00,910.00,"3,526.94",12/04/2021 12:00:00.000 
11836,"8,049.00","1,950.31",213.25,"2,163.56","8,501.12",12/04/2021 12:00:00.000 
11852,"3,043.90",506.26,213.25,719.51,"3,350.88",12/04/2021 12:00:00.000 
11854,"8,600.00",480.00,213.25,693.25,"9,276.38",12/04/2021 12:00:00.000 
11571,"16,273.00","1,921.00",376.00,"2,297.00","16,649.00",12/03/2021 12:00:00.000 
11845,"23,395.28","2,988.59",733.25,"3,721.84","25,188.45",12/03/2021 12:00:00.000 
11853,"13,102.95","3,097.43",213.25,"3,310.68","13,701.64",12/03/2021 12:00:00.000 
11850,"1,359.00",468.63,213.25,681.88,"1,617.11",12/02/2021 12:00:00.000 
11851,"12,049.00","2,562.43","1,843.25","4,405.68","15,784.04",12/02/2021 12:00:00.000 
11848,"22,507.16","1,956.52",188.00,"2,144.52","22,695.16",12/02/2021 12:00:00.000 
11813,"4,579.00",597.57,188.00,785.57,"5,173.15",12/02/2021 12:00:00.000 
11849,"9,099.00","1,375.09",338.25,"1,713.34","9,847.90",12/02/2021 12:00:00.000 
11843,"39,919.90","5,291.00","3,054.50","8,345.50","43,961.18",12/01/2021 12:00:00.000 
11846,"2,568.00",967.43,426.50,"1,393.93","3,079.88",12/01/2021 12:00:00.000 
11844,"1,921.50",418.40,188.00,606.40,"2,109.50",12/01/2021 12:00:00.000 
11847,"2,443.99",440.12,30.00,470.12,"2,473.99",12/01/2021 12:00:00.000 
11833,"16,017.85",-244.24,188.00,-56.24,"16,205.85",12/01/2021 12:00:00.000 
11786,"17,389.25","2,546.21",188.00,"2,734.21","17,577.25",12/01/2021 12:00:00.000 
11816,"7,399.00","1,186.00",188.00,"1,374.00","7,986.83",12/01/2021 12:00:00.000 
11841,"2,899.00",412.39,188.00,600.39,"3,249.68",11/30/2021 12:00:00.000 
11842,"1,609.00",577.88,213.25,791.13,"1,916.95",11/30/2021 12:00:00.000 
11840,0.00,0.00,"1,514.00","1,514.00","1,890.00",11/30/2021 12:00:00.000 
11832,"25,326.00","4,015.02","1,652.00","5,667.02","29,024.14",11/27/2021 12:00:00.000 
11839,"6,639.00","1,618.40",213.25,"1,831.65","7,050.23",11/27/2021 12:00:00.000 
11838,"13,163.94","3,097.43","1,223.25","4,320.68","15,570.84",11/27/2021 12:00:00.000 
11757,"3,884.00",407.13,188.00,595.13,"4,072.00",11/26/2021 12:00:00.000 
11835,"8,647.00","1,266.00",188.00,"1,454.00","8,835.00",11/24/2021 12:00:00.000 
11834,"10,284.00","1,643.73",188.00,"1,831.73","10,775.85",11/23/2021 12:00:00.000 
11815,"17,087.00","2,490.58",218.25,"2,708.83","17,791.23",11/20/2021 12:00:00.000 
11830,"8,412.58",0.00,0.00,0.00,"8,412.58",11/19/2021 12:00:00.000 
11828,"7,253.00",-26.00,213.25,187.25,"7,858.39",11/19/2021 12:00:00.000 
11831,"14,640.92",815.90,0.00,815.90,"14,640.92",11/19/2021 12:00:00.000 
11829,"8,836.99","1,985.31","1,178.25","3,163.56","11,209.16",11/19/2021 12:00:00.000 
11784,"3,649.00",563.61,213.25,776.86,"4,189.16",11/18/2021 12:00:00.000 
11827,"10,204.00","1,757.00","1,302.25","3,059.25","12,108.62",11/17/2021 12:00:00.000 
11826,"13,383.00",-549.94,0.00,-549.94,"13,383.00",11/17/2021 12:00:00.000 
11821,"8,402.27",-837.00,213.25,-623.75,"8,615.52",11/16/2021 12:00:00.000 
11824,"1,347.50",584.31,213.25,797.56,"1,641.67",11/16/2021 12:00:00.000 
11825,"1,372.50",498.10,213.25,711.35,"1,718.70",11/16/2021 12:00:00.000 
11822,"2,899.00",411.26,213.25,624.51,"3,375.26",11/13/2021 12:00:00.000 
11791,"25,952.32","2,754.00",213.25,"2,967.25","26,923.64",11/12/2021 12:00:00.000 
11819,"5,677.64","3,135.91",213.25,"3,349.16","6,200.00",11/12/2021 12:00:00.000 
11814,"29,717.00","3,843.81","1,753.75","5,597.56","34,426.68",11/11/2021 12:00:00.000 
11809,"23,064.80","3,253.72",213.25,"3,466.97","23,952.38",11/11/2021 12:00:00.000 
11817,"14,776.39","2,020.67","1,902.25","3,922.92","17,768.27",11/11/2021 12:00:00.000 
11395,"14,699.00",598.11,218.25,816.36,"14,917.25",11/11/2021 12:00:00.000 
11806,"17,115.12",468.98,188.00,656.98,"17,303.12",11/10/2021 12:00:00.000 
11812,"8,406.00","2,016.04","1,378.25","3,394.29","10,845.21",11/09/2021 12:00:00.000 
11811,"8,184.98","1,957.31","1,478.25","3,435.56","10,529.49",11/09/2021 12:00:00.000 
11802,"22,298.14","2,403.10","1,274.25","3,677.35","25,686.41",11/09/2021 12:00:00.000 
11808,"18,800.00","2,226.26",213.25,"2,439.51","19,563.90",11/09/2021 12:00:00.000 
11780,"3,734.00",648.61,213.25,861.86,"4,281.41",11/06/2021 12:00:00.000 
11787,"5,306.50","1,336.11",15.00,"1,351.11","5,774.89",11/06/2021 12:00:00.000 
11810,"23,801.90","3,114.67",213.25,"3,327.92","25,279.42",11/06/2021 12:00:00.000 
11804,"8,874.00","1,051.43",213.25,"1,264.68","9,836.68",11/05/2021 12:00:00.000 
11807,"25,296.25","3,529.89","1,627.25","5,157.14","28,874.36",11/05/2021 12:00:00.000 
11803,"13,082.32","3,009.85",213.25,"3,223.10","13,680.41",11/05/2021 12:00:00.000 
11805,"9,912.00","1,499.42","1,332.25","2,831.67","11,913.15",11/05/2021 12:00:00.000 
11800,"10,511.34","1,385.51",213.25,"1,598.76","11,288.45",11/04/2021 12:00:00.000 
11801,"1,347.50",510.12,213.25,723.37,"1,691.57",11/04/2021 12:00:00.000 
11737,"13,035.94","2,016.19",213.25,"2,229.44","13,249.19",11/02/2021 12:00:00.000 
11799,"18,043.80","2,249.04",188.00,"2,437.04","18,231.80",11/02/2021 12:00:00.000 
11798,"7,308.00","1,209.31",213.25,"1,422.56","7,916.29",10/30/2021 12:00:00.000 
11797,"2,879.00",391.26,213.25,604.51,"3,092.25",10/28/2021 12:00:00.000 
11793,"10,174.90","1,009.35",213.25,"1,222.60","10,688.67",10/28/2021 12:00:00.000 
11760,"29,499.00","2,359.36","2,293.00","4,652.36","32,977.00",10/28/2021 12:00:00.000 
11796,"5,267.00","1,076.93",45.00,"1,121.93","5,312.00",10/27/2021 02:29:00.000 
11795,"39,639.00",-556.50,0.00,-556.50,"39,639.00",10/27/2021 01:41:00.000 
11794,"11,859.95",892.90,213.25,"1,106.15","12,708.13",10/27/2021 12:00:00.000 
11792,"19,907.90","2,684.32","1,527.25","4,211.57","22,659.40",10/26/2021 12:00:00.000 
11790,"20,916.92","2,712.97",188.00,"2,900.97","21,104.92",10/26/2021 12:00:00.000 
11789,"25,999.00","1,305.72",213.25,"1,518.97","27,592.30",10/23/2021 12:00:00.000 
11788,"8,424.00","2,034.04","1,178.25","3,212.29","10,587.03",10/23/2021 12:00:00.000 
11736,"8,084.00",360.09,213.25,573.34,"8,733.19",10/23/2021 12:00:00.000 
11782,"7,436.99","1,544.40",878.25,"2,422.65","8,833.01",10/22/2021 12:00:00.000 
11785,"8,049.00","1,743.31","1,278.25","3,021.56","10,186.34",10/22/2021 12:00:00.000 
11772,"19,579.00","3,073.14","1,712.00","4,785.14","21,717.00",10/22/2021 12:00:00.000 
11781,"2,959.00",396.26,188.00,584.26,"3,147.00",10/22/2021 12:00:00.000 
11779,"2,598.95","1,518.21",213.25,"1,731.46","2,959.07",10/21/2021 12:00:00.000 
11775,"35,858.27","3,386.24","2,027.25","5,413.49","40,161.16",10/16/2021 12:00:00.000 
11776,"6,784.00","1,644.40",213.25,"1,857.65","7,364.68",10/16/2021 12:00:00.000 
11774,"8,784.00","1,441.31",213.25,"1,654.56","9,666.56",10/16/2021 12:00:00.000 
11777,"8,074.00","1,975.31","1,153.00","3,128.31","10,323.29",10/16/2021 12:00:00.000 
11778,"7,959.00","1,860.31",213.25,"2,073.56","8,866.37",10/16/2021 12:00:00.000 
11773,"8,585.00","2,195.04",213.25,"2,408.29","8,798.25",10/15/2021 12:00:00.000 
11771,"2,879.00",462.50,213.25,675.75,"3,253.88",10/14/2021 12:00:00.000 
11738,"26,634.35","4,070.92",213.25,"4,284.17","27,625.45",10/13/2021 12:00:00.000 
11770,"6,659.00","1,498.84",213.25,"1,712.09","7,070.81",10/13/2021 12:00:00.000 
11769,"24,712.00","5,167.24",188.00,"5,355.24","24,900.00",10/13/2021 12:00:00.000 
11762,"12,562.35","1,703.93",188.00,"1,891.93","12,750.35",10/12/2021 12:00:00.000 
11763,"5,061.90",572.83,213.25,786.08,"5,722.44",10/12/2021 12:00:00.000 
11766,"2,984.00",567.50,188.00,755.50,"3,172.00",10/12/2021 12:00:00.000 
11765,"9,299.00",790.00,213.25,"1,003.25","10,012.21",10/09/2021 12:00:00.000 
11764,"36,211.95","6,642.78",213.25,"6,856.03","36,425.20",10/09/2021 12:00:00.000 
11759,"6,199.00",300.00,213.25,513.25,"6,597.47",10/08/2021 12:00:00.000 
11750,"7,889.00","1,790.31",213.25,"2,003.56","8,336.48",10/08/2021 12:00:00.000 
11758,"33,125.87","3,040.12","1,152.25","4,192.37","35,329.12",10/07/2021 12:00:00.000 
11756,"7,304.00","1,142.58",188.00,"1,330.58","7,492.00",10/05/2021 12:00:00.000 
11751,"23,201.80","3,280.02","1,787.25","5,067.27","27,144.86",10/02/2021 12:00:00.000 
11753,"13,553.58",-145.20,213.25,68.05,"14,491.01",10/02/2021 12:00:00.000 
11754,"10,069.00","1,575.04",213.25,"1,788.29","11,130.50",10/02/2021 12:00:00.000 
Sales Deal: 1188 records,,,,,,
,,FE Margin,F&I (BE) Margin,Grand Total Mrgn,,
Sales Deal Grand Totals,,"1,565,276.0","882,811.25","2,448,087.30",,
